pair_id,transition_id,source_label,source_name,target_label,target_name,proxy_selected_distance,proxy_projected_distance,target_projected_distance,prototype_distance_abs_gap,prototype_distance_ratio_target_proxy,proxy_distance_percentile,target_distance_percentile,proxy_source_dispersion,proxy_target_dispersion,target_source_dispersion,target_target_dispersion,proxy_source_effective_rank,proxy_target_effective_rank,target_source_effective_rank,target_target_effective_rank,proxy_normalized_separation,target_normalized_separation,source_class_cka,source_class_cka_normalized,target_class_cka,target_class_cka_normalized,transition_cka,transition_null_mean,transition_cka_normalized,transition_cka_z_score,transition_cka_empirical_p,transition_rsa,proxy_hits,tasr_hits,tasr_percent,asr_hits,asr_percent,conditional_tasr_percent,semantic_gap_gain,perturbation_mean_abs,perturbation_rms,perturbation_l2,perturbation_linf,perturbation_nonzero_fraction,perturbation_saturation_fraction,perturbation_total_variation,target_output_entropy_normalized,target_output_distinct_labels,proxy_mean_target_probability,proxy_min_target_margin_across_batches,mean_effective_lambda
P16,T01,1,goldfish,4,acoustic guitar,0.27266138792037964,0.131894052028656,0.2015199065208435,0.0696258544921875,1.5278923000793108,0.5333333611488342,0.644444465637207,0.06724458932876587,0.0695914626121521,0.09331005811691284,0.1046302318572998,17.27889633178711,15.869023323059082,20.232864379882812,17.64396858215332,1.9277675752528174,2.036168650122693,0.9176135659217834,0.8966638952840802,0.956394612789154,0.9475508955239899,0.9699326157569885,0.07221901310235262,0.9675921530322021,67.85909323584012,0.000999000999000999,0.9404917579284467,50,27,54.0,30,60.0,54.0,0.6515734791755676,0.05275329038500786,0.055739626362919806,21.625531845092773,0.0627451241016388,0.9870677864551545,0.6926146697998047,0.09802379131317139,0.4056215734245731,5,0.9999979478972298,13.0,3241.2657296316966
P16,T02,2,monarch butterfly,5,laptop,0.2529165744781494,0.13262736797332764,0.19716036319732666,0.06453299522399902,1.4865737457519106,0.5555555820465088,0.5777778029441833,0.04460030794143677,0.0894472599029541,0.060125112533569336,0.11762374639511108,19.22629737854004,20.493186950683594,20.262582778930664,22.06098175048828,1.9788105089275194,2.2184149522606487,0.9263045191764832,0.9021678590604761,0.9365100860595703,0.9135955953337183,0.9687362909317017,0.07357007213309408,0.966253563137492,72.01783603666611,0.000999000999000999,0.9374075364547672,47,0,0.0,2,4.0,0.0,0.5378438770771027,0.050111154913902285,0.05380447641015053,20.87478858947754,0.0627451241016388,0.9816107285022736,0.6211288225650787,0.09590716764330864,0.08497841645545509,3,0.9704254865646362,-0.375,3921.232003348214
P16,T03,3,pineapple,6,espresso,0.2633678913116455,0.13702207803726196,0.19737815856933594,0.060356080532073975,1.4404843467317776,0.6000000238418579,0.6000000238418579,0.06982588768005371,0.0696709156036377,0.08741122484207153,0.09684115648269653,16.138290405273438,22.443622589111328,17.351163864135742,23.395490646362305,1.964519255091507,2.1424760662542757,0.9297006130218506,0.912069740318639,0.9334805607795715,0.9037906401362541,0.9706893563270569,0.07270863891392947,0.9683911175031182,70.53899956907622,0.000999000999000999,0.9370324936455982,50,13,26.0,20,40.0,26.0,0.5915301418304444,0.051351696401834485,0.05474883303046227,21.241156311035155,0.0627451241016388,0.9826812279224396,0.6585544228553772,0.09678359568119049,0.4824035047947047,6,0.9997014914240155,6.75,2245.964861188616
P16,T04,4,acoustic guitar,7,volcano,0.31116676330566406,0.20372068881988525,0.26921939849853516,0.0654987096786499,1.3215123120684076,1.0,0.9777777791023254,0.0695914626121521,0.08410882949829102,0.1046302318572998,0.1255156397819519,15.869023323059082,22.111366271972656,17.64396858215332,22.6608943939209,2.6508822595275148,2.339554445021984,0.956394612789154,0.9475508955239899,0.9429071545600891,0.9203519722529304,0.9796653985977173,0.06742064381018281,0.9781953125304397,67.45035198289312,0.000999000999000999,0.9610809989967479,50,3,6.0,4,8.0,6.0,0.7067804121971131,0.04684891238808632,0.052124943509697916,20.223139419555665,0.0627451241016388,0.9107641100883483,0.5958886069059371,0.08524984583258628,0.1406055239057909,3,0.9999970623425075,10.5,1246.3162841796875
P16,T05,5,laptop,8,rocking chair,0.1616383194923401,0.0863722562789917,0.1162724494934082,0.029900193214416504,1.3461782116451335,0.1111111119389534,0.04444444552063942,0.0894472599029541,0.08217519521713257,0.11762374639511108,0.1116219162940979,20.493186950683594,22.23690414428711,22.06098175048828,21.06147003173828,1.006537940720587,1.0143917065165164,0.9365100860595703,0.9135955953337183,0.9392741918563843,0.9173277803917902,0.9505062103271484,0.12588510181009768,0.9433783936467137,62.534158225496256,0.000999000999000999,0.9084811341119144,50,19,38.0,20,40.0,38.0,0.3647341454029083,0.05146122679114342,0.05507726170122623,21.368536987304687,0.0627451241016388,0.9594840836524964,0.6792992663383484,0.09398466914892196,0.32677088314214636,3,0.9999879854066032,10.5,5832.33447265625
P16,T06,6,espresso,9,soccer ball,0.1729567050933838,0.08614635467529297,0.13025790452957153,0.044111549854278564,1.5120535862549955,0.08888889104127884,0.13333334028720856,0.0696709156036377,0.1027367115020752,0.09684115648269653,0.1548812985420227,22.443622589111328,19.568815231323242,23.395490646362305,22.064970016479492,0.999333453182692,1.0349327358719758,0.9334805607795715,0.9037906401362541,0.9441647529602051,0.9274440190247337,0.9494631886482239,0.13666888143122197,0.9414630027056646,64.24478758805738,0.000999000999000999,0.9020035987418298,50,12,24.0,16,32.0,24.0,0.41137129068374634,0.05122318401932716,0.054660929068922996,21.207036781311036,0.0627451241016388,0.9824678468704223,0.6552637320756912,0.09515173986554146,0.38651964186929605,5,0.9999701040131705,9.875,6073.029331752232
P16,T07,7,volcano,10,school bus,0.2751736640930176,0.17673027515411377,0.26011955738067627,0.0833892822265625,1.4718449182170101,0.8666666746139526,0.9111111164093018,0.08410882949829102,0.07929211854934692,0.1255156397819519,0.09359115362167358,22.111366271972656,20.472856521606445,22.6608943939209,22.959238052368164,2.1631487119963317,2.3743632348404597,0.9429071545600891,0.9203519722529304,0.9145529270172119,0.8800504170856521,0.9767942428588867,0.07414215705543757,0.9749359393367446,67.07419656682728,0.000999000999000999,0.9371533299228878,50,24,48.0,31,62.0,48.0,0.6130569887161255,0.051004714593291284,0.054455415904521944,21.1273152923584,0.0627451241016388,0.9830590987205505,0.6487980979681015,0.09419565111398696,0.5023774406461359,6,0.9999700018337795,9.125,2037.6122523716517
P16,T08,8,rocking chair,1,goldfish,0.24164462089538574,0.13125324249267578,0.2033076286315918,0.07205438613891602,1.548972236955874,0.5111111402511597,0.6888889074325562,0.08217519521713257,0.06724458932876587,0.1116219162940979,0.09331005811691284,22.23690414428711,17.27889633178711,21.06147003173828,20.232864379882812,1.7568388669755806,1.9841474637221699,0.9392741918563843,0.9173277803917902,0.9176135659217834,0.8966638952840802,0.9650812149047852,0.08357810858637095,0.9618966052400267,66.38339900585329,0.000999000999000999,0.9283495850457179,50,13,26.0,15,30.0,26.0,0.5416159272193909,0.049742788672447205,0.05401451513171196,20.95621799468994,0.0627451241016388,0.9394351875782013,0.6519440889358521,0.09023948401212692,0.32849710169104823,4,0.9996762020247323,6.875,3262.1673758370534
P16,T09,9,soccer ball,2,monarch butterfly,0.23270690441131592,0.12452632188796997,0.18327927589416504,0.05875295400619507,1.471811526394011,0.4888888895511627,0.46666666865348816,0.1027367115020752,0.04460030794143677,0.1548812985420227,0.060125112533569336,19.568815231323242,19.22629737854004,22.064970016479492,20.262582778930664,1.6903602686996466,1.7048726591666854,0.9441647529602051,0.9274440190247337,0.9263045191764832,0.9021678590604761,0.9649773836135864,0.08916093742102385,0.9615490619306011,64.26742053241463,0.000999000999000999,0.9303875529696168,50,19,38.0,20,40.0,38.0,0.5045293712615967,0.05070106916129589,0.05442540340125561,21.115651969909667,0.0627451241016388,0.9688097929954529,0.6531986057758331,0.09360074251890182,0.32677088314214636,3,0.999994329043797,9.625,2896.5621163504466
P16,T10,10,school bus,3,pineapple,0.2419494390487671,0.14891624450683594,0.20989930629730225,0.06098306179046631,1.409512487992315,0.7333333492279053,0.7111111283302307,0.07929211854934692,0.06982588768005371,0.09359115362167358,0.08741122484207153,20.472856521606445,16.138290405273438,22.959238052368164,17.351163864135742,1.9972939321324574,2.3192988741785534,0.9145529270172119,0.8800504170856521,0.9297006130218506,0.912069740318639,0.9660249948501587,0.07300245084613562,0.9633494121091769,64.80669087181411,0.000999000999000999,0.92804858254679,49,1,2.0,1,2.0,2.0408163265306123,0.557568507194519,0.05043380230665207,0.0542033551633358,21.02952220916748,0.0627451241016388,0.9696231925487518,0.6431208795309067,0.09489622175693511,0.04257784590807542,2,0.9999403953552246,7.625,2143.1802106584823
P19,T01,1,goldfish,4,acoustic guitar,0.016926348209381104,0.22211843729019165,0.2466927170753479,0.02457427978515625,1.1106359295741426,0.35555556416511536,0.42222222685813904,0.13636893033981323,0.1549411416053772,0.1423739790916443,0.16210246086120605,27.101036071777344,25.198944091796875,27.434587478637695,25.255163192749023,1.5249622905725204,1.62043879068968,0.9944568872451782,0.9911308686122939,0.9955478310585022,0.9935063990046077,0.9965130686759949,0.1234149967879057,0.9960221412513015,70.0426828590841,0.000999000999000999,0.9938834721653144,50,49,98.0,49,98.0,98.0,0.05554234623908996,0.05001732841134071,0.05366321727633476,20.81998508453369,0.0627451241016388,0.9843949294090271,0.6145169007778167,0.09997414514422416,0.04257784590807542,2,0.9999999914850507,17.484375,33640.541015625
P19,T02,2,monarch butterfly,5,laptop,0.022315800189971924,0.30714166164398193,0.3314720392227173,0.02433037757873535,1.0792154911466798,0.8666666746139526,0.8666666746139526,0.10560297966003418,0.18300944566726685,0.11192870140075684,0.1904023289680481,25.29181671142578,26.398584365844727,25.667722702026367,26.763385772705078,2.128402207879081,2.1927755071542876,0.9947671890258789,0.9921836366581442,0.9957636594772339,0.9935223592641947,0.9980680346488953,0.08752799909561873,0.9978827127307031,71.9278971426553,0.000999000999000999,0.9964996392067335,50,34,68.0,44,88.0,68.0,0.060998116731643674,0.04968832515180111,0.05346039593219757,20.741303977966307,0.0627451241016388,0.9816171109676362,0.6079023170471192,0.10026535421609878,0.47535291628527204,6,0.9999339069638934,7.875,34828.51116071428
P19,T03,3,pineapple,6,espresso,0.02619725465774536,0.3262676000595093,0.34717392921447754,0.02090632915496826,1.0640772456448482,0.9555555582046509,0.9333333373069763,0.16587352752685547,0.14632266759872437,0.17342084646224976,0.1551012396812439,20.781702041625977,27.062774658203125,21.263221740722656,27.29622459411621,2.090144627984779,2.113550009924368,0.9972795844078064,0.9963411814250172,0.9951122403144836,0.9919936932946513,0.9980058073997498,0.08670027914643287,0.9978164970877398,70.5747637313852,0.000999000999000999,0.9964932500072312,48,35,70.0,41,82.0,72.91666666666667,0.06886725783348084,0.048691446036100386,0.05269954226911068,20.446129570007326,0.0627451241016388,0.9800698852539063,0.5814744067192078,0.09796306058764458,0.38910417102538786,4,0.9666324513299125,-0.8749999403953552,13589.15638950893
P19,T04,4,acoustic guitar,7,volcano,0.018269777297973633,0.2574748992919922,0.27557384967803955,0.018098950386047363,1.07029403812106,0.5555555820465088,0.5555555820465088,0.1549411416053772,0.16026049852371216,0.16210246086120605,0.16870856285095215,25.198944091796875,28.250938415527344,25.255163192749023,28.663715362548828,1.6337154793137787,1.6660499797480688,0.9955478310585022,0.9935063990046077,0.9937870502471924,0.9895330798174291,0.9962548017501831,0.12695450425893068,0.9957101912007027,68.38503779766529,0.000999000999000999,0.9934018314047804,50,28,56.0,28,56.0,56.0,0.0609589684009552,0.04655855789780617,0.051831994652748105,20.109489059448244,0.0627451241016388,0.9146768724918366,0.5826939809322357,0.08702746935188771,0.29789552722260526,2,1.0,18.1328125,40048.578125
P19,T05,5,laptop,8,rocking chair,0.009536266326904297,0.18696796894073486,0.19676339626312256,0.009795427322387695,1.0523909382868284,0.20000000298023224,0.15555556118488312,0.18300944566726685,0.17622631788253784,0.1904023289680481,0.18466967344284058,26.398584365844727,27.891738891601562,26.763385772705078,28.36132049560547,1.0409206872567602,1.0492033262859737,0.9957636594772339,0.9935223592641947,0.9949238300323486,0.9917397618969054,0.9961016178131104,0.17314530922472476,0.9952852874508888,64.8720897678905,0.000999000999000999,0.9931630389577629,50,46,92.0,46,92.0,92.0,0.034013627767562865,0.04947725452482701,0.053554256036877634,20.777687225341797,0.0627451241016388,0.9600495564937591,0.6214814519882202,0.09582794576883316,0.12106799988273365,2,1.0,15.78125,92943.7265625
P19,T06,6,espresso,9,soccer ball,0.01135706901550293,0.16354680061340332,0.17388379573822021,0.010336995124816895,1.0632051197947416,0.02222222276031971,0.02222222276031971,0.14632266759872437,0.19384628534317017,0.1551012396812439,0.20579582452774048,27.062774658203125,24.231653213500977,27.29622459411621,24.850645065307617,0.961562183726622,0.9636198959907829,0.9951122403144836,0.9919936932946513,0.995326578617096,0.993516927300864,0.9952166080474854,0.17907431030273438,0.9941731730258331,66.42420331815207,0.000999000999000999,0.9938835889113586,50,46,92.0,50,100.0,92.0,0.03837384223937988,0.04964498952031136,0.05344448611140251,20.735117301940917,0.0627451241016388,0.9814089059829711,0.6094678729772568,0.09683527901768685,0.15719159936241134,4,0.9999999914850507,16.125,329528.02790178574
P19,T07,7,volcano,10,school bus,0.019395887851715088,0.2680216431617737,0.2812519073486328,0.01323026418685913,1.0493626709797967,0.6222222447395325,0.6222222447395325,0.16026049852371216,0.1500372290611267,0.16870856285095215,0.15556812286376953,28.250938415527344,26.806907653808594,28.663715362548828,27.678497314453125,1.7275127681268214,1.7346415560448933,0.9937870502471924,0.9895330798174291,0.9941863417625427,0.9906748930589784,0.9973368048667908,0.1163107127547264,0.9969862765435222,69.29823712868608,0.000999000999000999,0.995600190694285,50,41,82.0,48,96.0,82.0,0.05986303448677063,0.04921879306435585,0.053088799118995667,20.597130012512206,0.0627451241016388,0.9811419773101807,0.598022033572197,0.09689861051738262,0.3237775668895374,6,0.9999970708574567,10.75,27884.522321428572
P19,T08,8,rocking chair,1,goldfish,0.018007278442382812,0.24292802810668945,0.2657920718193054,0.022864043712615967,1.094118590970386,0.4444444477558136,0.5111111402511597,0.17622631788253784,0.13636893033981323,0.18466967344284058,0.1423739790916443,27.891738891601562,27.101036071777344,28.36132049560547,27.434587478637695,1.5542656485545367,1.625422598845756,0.9949238300323486,0.9917397618969054,0.9944568872451782,0.9911308686122939,0.996880829334259,0.12757800841331482,0.9964246996340979,68.8445097618323,0.000999000999000999,0.9945022100358757,50,44,88.0,46,92.0,88.0,0.05950035452842713,0.049106273502111435,0.05350317470729351,20.757843322753907,0.0627451241016388,0.9415977108478546,0.6317695045471191,0.09299756541848182,0.19252564989537763,3,0.9999624405588422,9.125,101805.60491071429
P19,T09,9,soccer ball,2,monarch butterfly,0.018838226795196533,0.23979032039642334,0.25765830278396606,0.017867982387542725,1.0745150277876239,0.4000000059604645,0.46666666865348816,0.19384628534317017,0.10560297966003418,0.20579582452774048,0.11192870140075684,24.231653213500977,25.29181671142578,24.850645065307617,25.667722702026367,1.601542220475027,1.6218974725416764,0.995326578617096,0.993516927300864,0.9947671890258789,0.9921836366581442,0.9969509840011597,0.11363732312619686,0.9965600807904117,68.27381647235056,0.000999000999000999,0.9947126535870365,50,40,80.0,45,90.0,80.0,0.06341192722320557,0.0504459036141634,0.054208126440644266,21.03136054992676,0.0627451241016388,0.9701554501056671,0.6428220689296722,0.09600891664624214,0.3233426111869285,5,0.9999674473490033,8.625,60706.96149553572
P19,T10,10,school bus,3,pineapple,0.025857090950012207,0.33070623874664307,0.3647580146789551,0.03405177593231201,1.1029668386703746,0.9777777791023254,0.9555555582046509,0.1500372290611267,0.16587352752685547,0.15556812286376953,0.17342084646224976,26.806907653808594,20.781702041625977,27.678497314453125,21.263221740722656,2.093668745682867,2.217448295766352,0.9941863417625427,0.9906748930589784,0.9972795844078064,0.9963411814250172,0.9979069828987122,0.09129889646917581,0.997696693562762,64.13392576357693,0.000999000999000999,0.9961278007376592,49,15,30.0,18,36.0,30.612244897959183,0.09339541792869568,0.049894288778305054,0.053775314167141916,20.86346000671387,0.0627451241016388,0.9700026583671569,0.6256539630889892,0.09618449091911316,0.3708054406680153,4,0.9973016125815255,1.75,43819.130859375
P14,T01,1,goldfish,4,acoustic guitar,0.24953150749206543,0.14188671112060547,0.09611284732818604,0.045773863792419434,0.6773914665376162,0.4888888895511627,0.5111111402511597,0.04090505838394165,0.053009986877441406,0.03237128257751465,0.03950905799865723,19.48142433166504,14.67461109161377,22.290536880493164,19.690502166748047,3.0215970343347722,2.674245741124025,0.8994989395141602,0.8642461839474005,0.9433482885360718,0.9314317869698037,0.983105480670929,0.05437925978004932,0.9821339374122215,69.18975197674753,0.000999000999000999,0.9641058830824017,41,36,72.0,36,72.0,87.8048780487805,0.48832431316375735,0.04998867765069008,0.05363568142056465,20.809304389953613,0.0627451241016388,0.9839528858661651,0.6104441714286805,0.09384001106023789,0.25751635379366533,2,0.9034127848488944,-1.4999998807907104,55.400417872837615
P14,T02,2,monarch butterfly,5,laptop,0.23780202865600586,0.15664714574813843,0.1094815731048584,0.04716557264328003,0.6989056364990262,0.7111111283302307,0.8222222328186035,0.027944087982177734,0.06134986877441406,0.02483677864074707,0.049364566802978516,20.420909881591797,23.99886703491211,23.18516731262207,27.091909408569336,3.508572168554386,2.9509322897086654,0.832380473613739,0.769353290443546,0.9397203922271729,0.910245427332967,0.9874903559684753,0.048767160955816506,0.9868490200106058,73.5821885857796,0.000999000999000999,0.9735441127251296,36,5,10.0,11,22.0,13.88888888888889,0.44502389907836915,0.05062141165137291,0.05414619207382202,21.00736083984375,0.0627451241016388,0.9824432623386383,0.6288503175973892,0.0944116012752056,0.3473741353120085,5,0.857910522392818,-0.8750001192092896,83.85084806169782
P14,T03,3,pineapple,6,espresso,0.26600873470306396,0.14985954761505127,0.09934371709823608,0.050515830516815186,0.6629121646184551,0.5777778029441833,0.5555555820465088,0.0465083122253418,0.054707467555999756,0.03941529989242554,0.0447392463684082,16.88192367553711,22.14554214477539,20.360340118408203,24.831378936767578,2.961189410165012,2.3609827754361388,0.9057282209396362,0.8790117685241581,0.9261420965194702,0.8922916543561059,0.9799586534500122,0.056487521890550854,0.9787587901432471,71.094853327454,0.000999000999000999,0.9601987928144556,44,23,46.0,44,88.0,50.0,0.4807346200942993,0.04907397761940956,0.05299079291522503,20.559121284484863,0.0627451241016388,0.9799146950244904,0.5891858023405075,0.09215612515807152,0.5488032166267164,6,0.9279596209526062,0.375,48.48884146554129
P14,T04,4,acoustic guitar,7,volcano,0.24043631553649902,0.1667887568473816,0.10891199111938477,0.057876765727996826,0.6529936020750104,0.8666666746139526,0.800000011920929,0.053009986877441406,0.060912132263183594,0.03950905799865723,0.05111980438232422,14.67461109161377,20.398365020751953,19.690502166748047,23.214792251586914,2.928118930819716,2.4034725419269978,0.9433482885360718,0.9314317869698037,0.9519522786140442,0.9343610392348176,0.9861788153648376,0.05960955122485757,0.9853027169159742,67.47148063848967,0.000999000999000999,0.9683422328038815,40,13,26.0,13,26.0,32.5,0.3873817300796509,0.04458418022841215,0.05031677462160587,19.521646041870117,0.0627451241016388,0.9041783595085144,0.5332520186901093,0.08038563653826714,0.2488754569266649,2,0.9236283132008144,0.8750001192092896,97.24502999441964
P14,T05,5,laptop,8,rocking chair,0.10261237621307373,0.0882333517074585,0.06468993425369263,0.02354341745376587,0.7331687281718019,0.1111111119389534,0.2222222238779068,0.06134986877441406,0.06377983093261719,0.049364566802978516,0.050343990325927734,23.99886703491211,21.00078773498535,27.091909408569336,24.256038665771484,1.410270334125968,1.2975803906190222,0.9397203922271729,0.910245427332967,0.9172194600105286,0.885938530713385,0.9627095460891724,0.10665994184464216,0.9582572688077728,61.72735572884996,0.000999000999000999,0.93224386684759,50,45,90.0,48,96.0,90.0,0.2660159730911255,0.04840177230536938,0.052728907689452174,20.457493019104003,0.0627451241016388,0.9556066632270813,0.5916944354772568,0.08720103710889816,0.18699634228509096,4,0.9967686704226902,3.5,306.0565970284598
P14,T06,6,espresso,9,soccer ball,0.13637101650238037,0.09096598625183105,0.06359332799911499,0.027372658252716064,0.6990890839468573,0.15555556118488312,0.20000000298023224,0.054707467555999756,0.07902258634567261,0.0447392463684082,0.06034785509109497,22.14554214477539,17.1181640625,24.831378936767578,21.97591781616211,1.3604419290627905,1.2102974982828238,0.9261420965194702,0.8922916543561059,0.9613138437271118,0.951674270822796,0.9630747437477112,0.11169294561445713,0.9584318777274254,63.14936934981855,0.000999000999000999,0.9180829472022054,49,48,96.0,48,96.0,97.95918367346938,0.3403881359100342,0.04894513487815857,0.05290943130850792,20.527543449401854,0.0627451241016388,0.9801125335693359,0.5892062598466873,0.0907573264837265,0.07293721662889584,2,0.9942047681127276,2.875,282.06035287039623
P14,T07,7,volcano,10,school bus,0.19482898712158203,0.1766664981842041,0.10605478286743164,0.07061171531677246,0.6003106642033056,0.9777777791023254,0.7111111283302307,0.060912132263183594,0.05153012275695801,0.05111980438232422,0.038717031478881836,20.398365020751953,21.912418365478516,23.214792251586914,25.186511993408203,3.142350678622696,2.3610533886407485,0.9519522786140442,0.9343610392348176,0.9075688719749451,0.8653101547952475,0.9827382564544678,0.05799843511730433,0.9816754619216777,68.0479282552558,0.000999000999000999,0.9656325665556201,42,39,78.0,49,98.0,92.85714285714286,0.3966430056095123,0.04932402893900871,0.05317888423800468,20.632084922790526,0.0627451241016388,0.9804670250415802,0.5996300995349884,0.09021298363804817,0.3398778111155105,5,0.9351942113467625,1.0,147.24540819440568
P14,T08,8,rocking chair,1,goldfish,0.24621284008026123,0.13664740324020386,0.10659575462341309,0.03005164861679077,0.7800788898712925,0.42222222685813904,0.7333333492279053,0.06377983093261719,0.04090505838394165,0.050343990325927734,0.03237128257751465,21.00078773498535,19.48142433166504,24.256038665771484,22.290536880493164,2.6106423597964152,2.5774140828344376,0.9172194600105286,0.885938530713385,0.8994989395141602,0.8642461839474005,0.9809219837188721,0.061474967256188395,0.9796723415833112,67.63209739326541,0.000999000999000999,0.9626255403434387,44,31,62.0,31,62.0,70.45454545454545,0.4639780163764954,0.047183940559625624,0.052061052471399305,20.19836845397949,0.0627451241016388,0.9346622538566589,0.5807029908895492,0.08621585346758366,0.2883993857966947,2,0.9744281002453395,2.125,102.91309411185128
P14,T09,9,soccer ball,2,monarch butterfly,0.24884909391403198,0.1308656930923462,0.09112250804901123,0.03974318504333496,0.6963055472812884,0.4000000059604645,0.4000000059604645,0.07902258634567261,0.027944087982177734,0.06034785509109497,0.02483677864074707,17.1181640625,20.420909881591797,21.97591781616211,23.18516731262207,2.4468498046643186,2.139411864723429,0.9613138437271118,0.951674270822796,0.832380473613739,0.769353290443546,0.9778615236282349,0.06591256361827254,0.9762993532409338,66.76872710304956,0.000999000999000999,0.967640410302971,46,33,66.0,35,70.0,71.73913043478261,0.47249312162399293,0.048671595305204395,0.05286279402673245,20.509437446594237,0.0627451241016388,0.9657518875598907,0.5934944969415664,0.0892717058956623,0.34392342629990863,4,0.9517526371138436,1.75,102.04079137529645
P14,T10,10,school bus,3,pineapple,0.24954771995544434,0.1613430380821228,0.09823685884475708,0.06310617923736572,0.6088695242911877,0.7555555701255798,0.5111111402511597,0.05153012275695801,0.0465083122253418,0.038717031478881836,0.03941529989242554,21.912418365478516,16.88192367553711,25.186511993408203,20.360340118408203,3.2914241870803473,2.5146276098663227,0.9075688719749451,0.8653101547952475,0.9057282209396362,0.8790117685241581,0.9766293168067932,0.05369212657213211,0.9753032983773561,65.0080051972787,0.000999000999000999,0.9595955028723777,48,20,40.0,21,42.0,41.666666666666664,0.5245124626159668,0.048478368669748306,0.0526899378746748,20.442389068603514,0.0627451241016388,0.9666641402244568,0.5846435230970383,0.09108607277274132,0.33036716728903176,3,0.9713929891586304,0.625,107.35978099278041
