pair_id,strict_evaluated_trials,zero_hit_trials,at_most_one_hit_trials,at_least_two_hit_trials,best_target_hits,mean_tasr_percent,mean_asr_percent,maximum_asr_percent,denominator
P02,4,4,4,0,0,0.0,21.875,37.5,8
P06,4,4,4,0,0,0.0,0.0,0.0,8
P11,4,4,4,0,0,0.0,0.0,0.0,8
P14,13,7,13,0,1,5.769230769230769,78.84615384615384,100.0,8
P16,3,3,3,0,0,0.0,37.5,50.0,8
P19,4,2,4,0,1,6.25,40.625,50.0,8
P20,12,0,1,11,4,35.416666666666664,73.95833333333333,87.5,8
P21,4,3,4,0,1,3.125,53.125,62.5,8
P22,4,3,4,0,1,3.125,25.0,37.5,8
