pair_id,prompt_id,objective,lambda_cka,source_cka_weight,target_cka_weight_alpha,semantic_target_weight,seed,steps,batch_size,reference_bank_size,epsilon_linf,step_size,momentum,proxy_hits,proxy_denominator,free_generation_hits,target_hits,target_denominator,tasr_percent,untargeted_hits,asr_percent,proxy_min_margin,proxy_min_probability,cka_adv_source,cka_adv_reference,reference_cka_gain,source_cka_drop,grad_ml_l1,grad_cka_weighted_l1,grad_component_cosine,elapsed_seconds,status
P02,original,token_contrastive_cka,0.5,1.0,1.0,0.0,42,100,8,8,0.06274509803921569,0.00392156862745098,1.0,8,8,8,0,8,0.0,0,0.0,3.7238943576812744,0.9584835767745972,0.08137430250644684,0.11145675182342529,-0.025905638933181763,0.9186257123947144,0.011068930849432945,0.00018342171097174287,-0.20674045383930206,574.4429080799891,complete
P02,original,token_contrastive_cka,0.5,1.0,4.0,0.0,42,100,8,8,0.06274509803921569,0.00392156862745098,1.0,8,8,8,0,8,0.0,2,25.0,3.766920328140259,0.9516621828079224,0.22263139486312866,0.18895748257637024,0.051595091819763184,0.7773686051368713,0.011039843782782555,0.00022553274175152183,-0.29393017292022705,460.21456477699394,complete
P02,original,token_contrastive_cka,3.0,1.0,1.0,0.0,42,100,8,8,0.06274509803921569,0.00392156862745098,1.0,8,8,8,0,8,0.0,2,25.0,3.6665213108062744,0.9624482989311218,0.05368220433592796,0.12122984975576401,-0.016132541000843048,0.9463177919387817,0.011094038374722004,0.0011005301494151354,-0.20512881875038147,517.4282152149972,complete
P02,original,token_contrastive_cka,3.0,1.0,4.0,0.0,42,100,8,8,0.06274509803921569,0.00392156862745098,1.0,8,8,8,0,8,0.0,3,37.5,3.4501452445983887,0.9537050127983093,0.27284908294677734,0.2542438507080078,0.11688145995140076,0.7271509170532227,0.011120935901999474,0.0013531965669244528,-0.29421544075012207,469.5043341690034,complete
P06,original,token_contrastive_cka,0.5,1.0,1.0,0.0,42,100,8,8,0.06274509803921569,0.00392156862745098,1.0,8,8,8,0,8,0.0,0,0.0,4.843906402587891,0.9818320274353027,0.034359127283096313,0.039562568068504333,0.0054635703563690186,0.9656409025192261,0.011839830316603184,0.00029695124248974025,-0.02952955663204193,7.981755322005483,complete
P06,original,token_contrastive_cka,0.5,1.0,4.0,0.0,42,100,8,8,0.06274509803921569,0.00392156862745098,1.0,8,8,8,0,8,0.0,0,0.0,5.37394905090332,0.985371470451355,0.04431377723813057,0.03708526864647865,0.002986270934343338,0.9556862115859985,0.011839836835861206,0.0003207104455213994,-0.04032107815146446,8.067032015998848,complete
P06,original,token_contrastive_cka,3.0,1.0,1.0,0.0,42,100,8,8,0.06274509803921569,0.00392156862745098,1.0,8,8,8,0,8,0.0,0,0.0,5.523826599121094,0.988289475440979,0.038170263171195984,0.039386339485645294,0.005287341773509979,0.9618297219276428,0.01183983962982893,0.0017817075131461024,-0.029529161751270294,8.123785592004424,complete
P06,original,token_contrastive_cka,3.0,1.0,4.0,0.0,42,100,8,8,0.06274509803921569,0.00392156862745098,1.0,8,8,8,0,8,0.0,0,0.0,4.4451751708984375,0.9627529382705688,0.03996674716472626,0.048454172909259796,0.014355175197124481,0.9600332379341125,0.011839842423796654,0.0019242624985054135,-0.04031999781727791,8.164290656990488,complete
P11,original,token_contrastive_cka,0.5,1.0,1.0,0.0,42,100,8,8,0.06274509803921569,0.00392156862745098,1.0,8,8,8,0,8,0.0,0,0.0,4.672829627990723,0.9542751312255859,0.292236328125,0.15183189511299133,-0.004862457513809204,0.707763671875,0.0,0.0,0.0,141.32147629400424,complete
P11,original,token_contrastive_cka,0.5,1.0,4.0,0.0,42,100,8,8,0.06274509803921569,0.00392156862745098,1.0,8,8,8,0,8,0.0,0,0.0,4.466316223144531,0.950370192527771,0.3631124496459961,0.1924305558204651,0.03573620319366455,0.6368875503540039,0.0,0.0,0.0,128.2443973160116,complete
P11,original,token_contrastive_cka,3.0,1.0,1.0,0.0,42,100,8,8,0.06274509803921569,0.00392156862745098,1.0,8,8,8,0,8,0.0,0,0.0,4.610166549682617,0.950637936592102,0.19810357689857483,0.14337918162345886,-0.013315171003341675,0.8018964529037476,0.0,0.0,0.0,151.2067997700069,complete
P11,original,token_contrastive_cka,3.0,1.0,4.0,0.0,42,100,8,8,0.06274509803921569,0.00392156862745098,1.0,8,8,8,0,8,0.0,0,0.0,4.7389020919799805,0.9507091641426086,0.2744467854499817,0.30666106939315796,0.14996671676635742,0.7255532145500183,0.0,0.0,0.0,376.83193071599817,complete
P14,compact,token_contrastive_cka,0.5,1.0,2.0,0.0,42,100,8,8,0.06274509803921569,0.00392156862745098,1.0,8,8,8,0,8,0.0,4,50.0,3.940419912338257,0.9518178701400757,0.15123064815998077,0.15625926852226257,-0.021027982234954834,0.8487693667411804,0.02163509652018547,0.00033970491494983435,-0.0772528424859047,384.58355072500126,complete
P14,original,token_contrastive_cka,0.5,1.0,1.0,0.0,42,100,8,8,0.06274509803921569,0.00392156862745098,1.0,8,8,8,0,8,0.0,6,75.0,3.918611764907837,0.9599687457084656,0.08326530456542969,0.10997577011585236,-0.06731148064136505,0.9167346954345703,0.036717794835567474,0.0003373475337866694,0.11379554867744446,414.813714007003,complete
P14,original,token_contrastive_cka,0.5,1.0,2.0,0.0,42,100,8,8,0.06274509803921569,0.00392156862745098,1.0,8,8,8,0,8,0.0,5,62.5,4.0,0.9502013325691223,0.1425536870956421,0.1485716551542282,-0.028715595602989197,0.8574463129043579,0.03654506430029869,0.00033970491494983435,0.09033787995576859,460.7785343419964,complete
P14,original,token_contrastive_cka,0.5,1.0,4.0,0.0,42,100,8,8,0.06274509803921569,0.00392156862745098,1.0,8,8,8,1,8,12.5,8,100.0,4.245168685913086,0.9505589008331299,0.24236789345741272,0.20675718784332275,0.029469937086105347,0.7576321363449097,0.036612290889024734,0.0003671740705613047,0.05760517343878746,441.3743092920049,complete
P14,original,token_contrastive_cka,1.5,1.0,1.0,0.0,42,100,8,8,0.06274509803921569,0.00392156862745098,1.0,8,8,8,1,8,12.5,6,75.0,4.125,0.9521050453186035,0.04927149415016174,0.11263175308704376,-0.06465549767017365,0.9507285356521606,0.036668043583631516,0.0010120426304638386,0.1122758612036705,479.52219146100106,complete
P14,original,token_contrastive_cka,1.5,1.0,2.0,0.0,42,100,8,8,0.06274509803921569,0.00392156862745098,1.0,8,8,8,0,8,0.0,8,100.0,4.119531631469727,0.9534685611724854,0.13097445666790009,0.1726454794406891,-0.00464177131652832,0.8690255284309387,0.03677264228463173,0.001019114744849503,0.09356269240379333,369.1283196879958,complete
P14,original,token_contrastive_cka,1.5,1.0,4.0,0.0,42,100,8,8,0.06274509803921569,0.00392156862745098,1.0,8,8,8,0,8,0.0,4,50.0,3.784193277359009,0.9578999876976013,0.27536606788635254,0.24353480339050293,0.06624755263328552,0.7246339321136475,0.036888062953948975,0.0011015222407877445,0.06162174046039581,503.73716598699684,complete
P14,original,token_contrastive_cka,3.0,1.0,1.0,0.0,42,100,8,8,0.06274509803921569,0.00392156862745098,1.0,8,8,8,0,8,0.0,6,75.0,4.2652435302734375,0.9625113606452942,0.05112195387482643,0.12546810507774353,-0.05181914567947388,0.9488780498504639,0.036701712757349014,0.002024085260927677,0.11366136372089386,477.56432002301153,complete
P14,original,token_contrastive_cka,3.0,1.0,2.0,0.0,42,100,8,8,0.06274509803921569,0.00392156862745098,1.0,8,8,8,1,8,12.5,7,87.5,3.821852207183838,0.951017439365387,0.107980877161026,0.19067545235157013,0.013388201594352722,0.8920191526412964,0.03677760437130928,0.002038229489699006,0.09360824525356293,568.8701227999991,complete
P14,original,token_contrastive_cka,3.0,1.0,4.0,0.0,42,100,8,8,0.06274509803921569,0.00392156862745098,1.0,8,8,8,1,8,12.5,8,100.0,3.975914478302002,0.9544627666473389,0.3270951211452484,0.27359962463378906,0.09631237387657166,0.6729048490524292,0.03673447668552399,0.002203044481575489,0.06125286594033241,510.0368836730049,complete
P14,original,token_contrastive_cka,6.0,1.0,1.0,0.0,42,100,8,8,0.06274509803921569,0.00392156862745098,1.0,8,8,8,1,8,12.5,6,75.0,4.172126293182373,0.9639683961868286,0.039797551929950714,0.11734506487846375,-0.05994218587875366,0.9602024555206299,0.03678442910313606,0.004048170521855354,0.1141422688961029,484.45643010099593,complete
P14,original,token_contrastive_cka,6.0,1.0,2.0,0.0,42,100,8,8,0.06274509803921569,0.00392156862745098,1.0,8,8,8,1,8,12.5,8,100.0,4.121315002441406,0.9588823914527893,0.11934822797775269,0.2083890736103058,0.03110182285308838,0.8806517720222473,0.036612965166568756,0.004076458979398012,0.09012144804000854,485.37553785899945,complete
P14,original,token_contrastive_cka,6.0,1.0,4.0,0.0,42,100,8,8,0.06274509803921569,0.00392156862745098,1.0,8,8,8,0,8,0.0,6,75.0,4.05190896987915,0.9378369450569153,0.3129909932613373,0.3105212450027466,0.13323399424552917,0.6870089769363403,0.0368158183991909,0.004406088963150978,0.06201618164777756,659.5325845999905,complete
P16,original,token_contrastive_cka,0.5,1.0,4.0,0.0,42,100,8,8,0.06274509803921569,0.00392156862745098,1.0,8,8,8,0,8,0.0,4,50.0,3.5876638889312744,0.9670230746269226,0.10419071465730667,0.137207493185997,0.08129935711622238,0.8958092927932739,0.026435038074851036,9.952790423994884e-05,0.027602743357419968,116.53253773599863,complete
P16,original,token_contrastive_cka,3.0,1.0,1.0,0.0,42,100,8,8,0.06274509803921569,0.00392156862745098,1.0,8,8,8,0,8,0.0,3,37.5,3.942526340484619,0.975616455078125,0.04880740866065025,0.06367111206054688,0.007762975990772247,0.9511926174163818,0.02650202438235283,0.0006063288892619312,0.017624203115701675,84.4761991790001,complete
P16,original,token_contrastive_cka,3.0,1.0,4.0,0.0,42,100,8,8,0.06274509803921569,0.00392156862745098,1.0,8,8,8,0,8,0.0,2,25.0,4.268113613128662,0.9841394424438477,0.10062843561172485,0.12122093141078949,0.06531279534101486,0.8993715643882751,0.026437409222126007,0.0005973936058580875,0.028437059372663498,88.70659256099316,complete
P19,original,token_contrastive_cka,0.5,1.0,1.0,0.0,42,100,8,8,0.06274509803921569,0.00392156862745098,1.0,8,8,8,1,8,12.5,4,50.0,3.5741631984710693,0.9684503078460693,0.37234628200531006,0.33425968885421753,-0.047539591789245605,0.6276537179946899,0.04245580732822418,4.300336877349764e-05,0.013921080157160759,550.1049913699972,complete
P19,original,token_contrastive_cka,0.5,1.0,4.0,0.0,42,100,8,8,0.06274509803921569,0.00392156862745098,1.0,8,8,8,1,8,12.5,4,50.0,3.28733229637146,0.9523174166679382,0.6303116083145142,0.4507297873497009,0.06893050670623779,0.36968839168548584,0.042485542595386505,8.137147960951552e-05,-0.004735560156404972,367.7258870299993,complete
P19,original,token_contrastive_cka,3.0,1.0,1.0,0.0,42,100,8,8,0.06274509803921569,0.00392156862745098,1.0,8,8,8,0,8,0.0,3,37.5,3.5569238662719727,0.9651341438293457,0.3702920973300934,0.31746381521224976,-0.06433546543121338,0.629707932472229,0.04260025918483734,0.00025799221475608647,0.01536913774907589,486.911132017005,complete
P19,original,token_contrastive_cka,3.0,1.0,4.0,0.0,42,100,8,8,0.06274509803921569,0.00392156862745098,1.0,8,8,8,0,8,0.0,2,25.0,3.3446907997131348,0.9620321989059448,0.5942106246948242,0.48870301246643066,0.10690373182296753,0.4057893753051758,0.04239130765199661,0.0004882420471403748,-0.0027054883539676666,449.26529039301386,complete
P20,original,token_contrastive_cka,0.5,1.0,1.0,0.0,42,100,8,8,0.06274509803921569,0.00392156862745098,1.0,8,8,8,4,8,50.0,6,75.0,3.4908478260040283,0.9612593054771423,0.12181630730628967,0.12439676374197006,-0.012805752456188202,0.8781837224960327,0.006792583502829075,0.00037161834188736975,0.1063065379858017,403.8388457789988,complete
P20,original,token_contrastive_cka,0.5,1.0,2.0,0.0,42,100,8,8,0.06274509803921569,0.00392156862745098,1.0,8,8,8,2,8,25.0,6,75.0,3.5572659969329834,0.9518149495124817,0.18185743689537048,0.18161678314208984,0.04441426694393158,0.8181425333023071,0.006675684358924627,0.0003772051422856748,0.08112183213233948,502.13766770599614,complete
P20,original,token_contrastive_cka,0.5,1.0,4.0,0.0,42,100,8,8,0.06274509803921569,0.00392156862745098,1.0,8,8,8,4,8,50.0,6,75.0,3.5170958042144775,0.9614929556846619,0.26086777448654175,0.23010537028312683,0.09290285408496857,0.7391322255134583,0.006605029106140137,0.0004028473631478846,-0.031526047736406326,530.4188520649986,complete
P20,original,token_contrastive_cka,1.5,1.0,1.0,0.0,42,100,8,8,0.06274509803921569,0.00392156862745098,1.0,8,8,8,3,8,37.5,6,75.0,3.698002815246582,0.9583547115325928,0.09176577627658844,0.11833713203668594,-0.01886538416147232,0.9082342386245728,0.00671959575265646,0.0011148549383506179,0.1357974410057068,458.04247916700115,complete
P20,original,token_contrastive_cka,1.5,1.0,2.0,0.0,42,100,8,8,0.06274509803921569,0.00392156862745098,1.0,8,8,8,3,8,37.5,5,62.5,3.601041078567505,0.9550352096557617,0.19205841422080994,0.20927801728248596,0.0720755010843277,0.8079415559768677,0.006670816335827112,0.0011316154850646853,0.08831705898046494,558.8066638240052,complete
P20,original,token_contrastive_cka,1.5,1.0,4.0,0.0,42,100,8,8,0.06274509803921569,0.00392156862745098,1.0,8,8,8,3,8,37.5,6,75.0,3.577169895172119,0.9558746814727783,0.27351659536361694,0.23816415667533875,0.10096164047718048,0.7264834046363831,0.006703199818730354,0.0012085421476513147,-0.04978296905755997,416.71005886300554,complete
P20,original,token_contrastive_cka,3.0,1.0,1.0,0.0,42,100,8,8,0.06274509803921569,0.00392156862745098,1.0,8,8,8,2,8,25.0,5,62.5,3.5580332279205322,0.9562216997146606,0.08856053650379181,0.09587274491786957,-0.041329771280288696,0.9114394783973694,0.006723886355757713,0.0022297098767012358,0.13607504963874817,402.88836686099967,complete
P20,original,token_contrastive_cka,3.0,1.0,2.0,0.0,42,100,8,8,0.06274509803921569,0.00392156862745098,1.0,8,8,8,3,8,37.5,5,62.5,3.5760512351989746,0.9579015374183655,0.1839839667081833,0.22533780336380005,0.08813528716564178,0.8160160183906555,0.006714670918881893,0.0022632309701293707,0.07595144212245941,545.0374255329953,complete
P20,original,token_contrastive_cka,3.0,1.0,4.0,0.0,42,100,8,8,0.06274509803921569,0.00392156862745098,1.0,8,8,8,2,8,25.0,7,87.5,3.384573459625244,0.9506109952926636,0.2709496021270752,0.28261837363243103,0.14541585743427277,0.7290503978729248,0.006756858434528112,0.002417084062471986,-0.07533194124698639,632.3979553440004,complete
P20,original,token_contrastive_cka,6.0,1.0,1.0,0.0,42,100,8,8,0.06274509803921569,0.00392156862745098,1.0,8,8,8,4,8,50.0,6,75.0,3.4192769527435303,0.9564064145088196,0.05475395545363426,0.11706491559743881,-0.020137600600719452,0.9452460408210754,0.0066765896044671535,0.0044594197534024715,0.15999667346477509,530.5811354899997,complete
P20,original,token_contrastive_cka,6.0,1.0,2.0,0.0,42,100,8,8,0.06274509803921569,0.00392156862745098,1.0,8,8,8,3,8,37.5,7,87.5,3.3941941261291504,0.9507882595062256,0.17820844054222107,0.22636714577674866,0.0891646295785904,0.8217915296554565,0.006650733295828104,0.004526461940258741,0.09948650747537613,530.7254670320035,complete
P20,original,token_contrastive_cka,6.0,1.0,4.0,0.0,42,100,8,8,0.06274509803921569,0.00392156862745098,1.0,8,8,8,1,8,12.5,6,75.0,3.512061834335327,0.9592902660369873,0.2739963233470917,0.292974054813385,0.15577153861522675,0.7260036468505859,0.0066695245914161205,0.004834168124943972,-0.04413921386003494,647.802494692005,complete
P21,original,token_contrastive_cka,0.5,1.0,1.0,0.0,42,100,8,8,0.06274509803921569,0.00392156862745098,1.0,8,8,8,1,8,12.5,5,62.5,4.2092742919921875,0.9588209986686707,0.0723622664809227,0.08367469906806946,0.021052107214927673,0.9276377558708191,0.02361105941236019,5.3514882893068716e-05,0.1093745157122612,318.46475051699963,complete
P21,original,token_contrastive_cka,0.5,1.0,4.0,0.0,42,100,8,8,0.06274509803921569,0.00392156862745098,1.0,8,8,8,0,8,0.0,4,50.0,4.019503116607666,0.9552247524261475,0.10716288536787033,0.13902080059051514,0.07639820873737335,0.8928371071815491,0.02358989603817463,5.2496649004751816e-05,0.0990540087223053,294.60560296999756,complete
P21,original,token_contrastive_cka,3.0,1.0,1.0,0.0,42,100,8,8,0.06274509803921569,0.00392156862745098,1.0,8,8,8,0,8,0.0,4,50.0,4.239744663238525,0.9606936573982239,0.05482105165719986,0.08535901457071304,0.02273642271757126,0.9451789259910583,0.023616991937160492,0.00032116996590048075,0.10821498185396194,320.7341590899887,complete
P21,original,token_contrastive_cka,3.0,1.0,4.0,0.0,42,100,8,8,0.06274509803921569,0.00392156862745098,1.0,8,8,8,0,8,0.0,4,50.0,4.17954158782959,0.9566071033477783,0.12071092426776886,0.1855376660823822,0.12291507422924042,0.8792890906333923,0.02362077496945858,0.00031496342853643,0.09957630932331085,402.60344926700054,complete
P22,original,token_contrastive_cka,0.5,1.0,1.0,0.0,42,100,8,8,0.06274509803921569,0.00392156862745098,1.0,8,8,8,0,8,0.0,2,25.0,5.9716973304748535,0.9938507080078125,0.586615800857544,0.35425227880477905,-0.046075403690338135,0.41338419914245605,0.0,0.0,0.0,243.03140454400273,complete
P22,original,token_contrastive_cka,0.5,1.0,4.0,0.0,42,100,8,8,0.06274509803921569,0.00392156862745098,1.0,8,8,8,0,8,0.0,2,25.0,5.0,0.9859423041343689,0.6339021921157837,0.4707212746143341,0.07039359211921692,0.3660978078842163,0.0,0.0,0.0,386.01792360199033,complete
P22,original,token_contrastive_cka,3.0,1.0,1.0,0.0,42,100,8,8,0.06274509803921569,0.00392156862745098,1.0,8,8,8,1,8,12.5,3,37.5,3.348156690597534,0.9610574245452881,0.2816144526004791,0.39913031458854675,-0.0011973679065704346,0.7183855772018433,0.0,0.0,0.0,908.1844135850115,complete
P22,original,token_contrastive_cka,3.0,1.0,4.0,0.0,42,100,8,8,0.06274509803921569,0.00392156862745098,1.0,8,8,8,0,8,0.0,1,12.5,4.240823268890381,0.9795736074447632,0.6296166181564331,0.5009199380874634,0.10059225559234619,0.3703833818435669,0.0,0.0,0.0,406.7977908220055,complete
