pair_id,transition_id,source_human_label,target_human_label,arm,semantic_mode,steps,step_size,rho,semantic_temperature,target_logit_weight,source_logit_weight,proxy_hits,proxy_denominator,tasr_hits,tasr_denominator,tasr_percent,asr_hits,asr_percent,semantic_gap_clean,semantic_gap_adversarial,semantic_gap_gain,effective_lambda,elapsed_seconds
P14,T01,1,4,multi_ext_rho025,multiclass_prototype,50,0.00392156862745098,0.25,0.1,1.0,1.0,8,8,6,8,75.0,6,75.0,-0.23712368309497833,0.31088924407958984,0.548012912273407,7.481637477874756,219.38120044599054
P14,T01,1,4,multi_ext_rho050,multiclass_prototype,50,0.00392156862745098,0.5,0.1,1.0,1.0,7,8,6,8,75.0,6,75.0,-0.23712368309497833,0.3069625794887543,0.5440862774848938,15.204479217529297,206.60210414003814
P14,T01,1,4,multi_ext_rho100,multiclass_prototype,50,0.00392156862745098,1.0,0.1,1.0,1.0,8,8,7,8,87.5,7,87.5,-0.23712368309497833,0.3520354628562927,0.5891591310501099,30.17952537536621,204.9095234849956
P14,T01,1,4,multi_ext_tau020_rho050,multiclass_prototype,50,0.00392156862745098,0.5,0.2,1.0,1.0,8,8,6,8,75.0,6,75.0,-0.23712368309497833,0.35464930534362793,0.5917729735374451,53.61004638671875,207.39629770204192
P14,T01,1,4,p14_ext_baseline,prototype,50,0.00392156862745098,0.5,0.1,1.0,0.75,5,8,5,8,62.5,5,62.5,-0.23712371289730072,0.25360438227653503,0.49072808027267456,16.360065460205078,207.98888109298423
P14,T01,1,4,p14_ext_push025,prototype,50,0.00392156862745098,0.5,0.1,1.0,0.25,7,8,5,8,62.5,5,62.5,-0.23712371289730072,0.1824122816324234,0.4195359945297241,218.9298095703125,201.08811529900413
P14,T01,1,4,p14_ext_push050,prototype,50,0.00392156862745098,0.5,0.1,1.0,0.5,5,8,5,8,62.5,6,75.0,-0.23712371289730072,0.1620219647884369,0.3991456627845764,45.469383239746094,203.34403963503428
P14,T01,1,4,p14_ext_rho035_push050,prototype,50,0.00392156862745098,0.35,0.1,1.0,0.5,4,8,4,8,50.0,4,50.0,-0.23712371289730072,0.13205154240131378,0.3691752552986145,31.83679962158203,201.7918067149585
P14,T01,1,4,p14_ext_rho075_push050,prototype,50,0.00392156862745098,0.75,0.1,1.0,0.5,7,8,4,8,50.0,5,62.5,-0.23712371289730072,0.20784059166908264,0.44496428966522217,67.63667297363281,201.51379157503834
P14,T01,1,4,p14_ext_tau020_push050,prototype,50,0.00392156862745098,0.5,0.2,1.0,0.5,6,8,5,8,62.5,5,62.5,-0.23712371289730072,0.18898829817771912,0.42611199617385864,41.997886657714844,200.85935053200228
P14,T02,2,5,multi_ext_rho025,multiclass_prototype,50,0.00392156862745098,0.25,0.1,1.0,1.0,4,8,0,8,0.0,0,0.0,-0.19392579793930054,0.05288602411746979,0.24681182205677032,3.2372453212738037,206.27405243000248
P14,T02,2,5,multi_ext_rho050,multiclass_prototype,50,0.00392156862745098,0.5,0.1,1.0,1.0,7,8,1,8,12.5,2,25.0,-0.19392579793930054,0.09845917671918869,0.2923849821090698,6.4615559577941895,206.95278057997348
P14,T02,2,5,multi_ext_rho100,multiclass_prototype,50,0.00392156862745098,1.0,0.1,1.0,1.0,8,8,0,8,0.0,1,12.5,-0.19392579793930054,0.13073107600212097,0.3246568739414215,12.98258113861084,207.07542118499987
P14,T02,2,5,multi_ext_tau020_rho050,multiclass_prototype,50,0.00392156862745098,0.5,0.2,1.0,1.0,6,8,1,8,12.5,2,25.0,-0.19392579793930054,0.12927371263504028,0.3231995105743408,21.735973358154297,209.9408429369796
P14,T02,2,5,p14_ext_baseline,prototype,50,0.00392156862745098,0.5,0.1,1.0,0.75,4,8,0,8,0.0,1,12.5,-0.19392582774162292,0.09971944987773895,0.2936452627182007,7.401371002197266,201.06750394200208
P14,T02,2,5,p14_ext_push025,prototype,50,0.00392156862745098,0.5,0.1,1.0,0.25,3,8,0,8,0.0,0,0.0,-0.19392582774162292,0.08766014128923416,0.2815859615802765,326.95947265625,203.94145302497782
P14,T02,2,5,p14_ext_push050,prototype,50,0.00392156862745098,0.5,0.1,1.0,0.5,5,8,2,8,25.0,2,25.0,-0.19392582774162292,0.16999822854995728,0.3639240562915802,37.15712356567383,205.76790800900199
P14,T02,2,5,p14_ext_rho035_push050,prototype,50,0.00392156862745098,0.35,0.1,1.0,0.5,4,8,0,8,0.0,0,0.0,-0.19392582774162292,0.08769936114549637,0.2816251814365387,25.988697052001953,201.04454690101556
P14,T02,2,5,p14_ext_rho075_push050,prototype,50,0.00392156862745098,0.75,0.1,1.0,0.5,4,8,0,8,0.0,0,0.0,-0.19392582774162292,0.15432308614253998,0.3482488989830017,55.520381927490234,202.8339399599936
P14,T02,2,5,p14_ext_tau020_push050,prototype,50,0.00392156862745098,0.5,0.2,1.0,0.5,5,8,2,8,25.0,4,50.0,-0.19392582774162292,0.19145303964614868,0.3853788673877716,28.477933883666992,200.98233458399773
P14,T03,3,6,multi_ext_rho025,multiclass_prototype,50,0.00392156862745098,0.25,0.1,1.0,1.0,7,8,3,8,37.5,5,62.5,-0.18814700841903687,0.17626306414604187,0.36441007256507874,8.279186248779297,206.1261148970225
P14,T03,3,6,multi_ext_rho050,multiclass_prototype,50,0.00392156862745098,0.5,0.1,1.0,1.0,7,8,2,8,25.0,5,62.5,-0.18814700841903687,0.21883761882781982,0.4069846272468567,16.819841384887695,207.17664249200607
P14,T03,3,6,multi_ext_rho100,multiclass_prototype,50,0.00392156862745098,1.0,0.1,1.0,1.0,8,8,2,8,25.0,4,50.0,-0.18814700841903687,0.24524948000907898,0.43339648842811584,33.64083480834961,207.0558362659649
P14,T03,3,6,multi_ext_tau020_rho050,multiclass_prototype,50,0.00392156862745098,0.5,0.2,1.0,1.0,8,8,2,8,25.0,2,25.0,-0.18814700841903687,0.23914635181427002,0.4272933602333069,45.39115905761719,204.83686697797384
P14,T03,3,6,p14_ext_baseline,prototype,50,0.00392156862745098,0.5,0.1,1.0,0.75,7,8,5,8,62.5,6,75.0,-0.18814706802368164,0.3120691478252411,0.5002162456512451,22.096439361572266,204.41873060999205
P14,T03,3,6,p14_ext_push025,prototype,50,0.00392156862745098,0.5,0.1,1.0,0.25,6,8,5,8,62.5,6,75.0,-0.18814706802368164,0.23498016595840454,0.4231272339820862,1086.0521240234375,200.75092551496346
P14,T03,3,6,p14_ext_push050,prototype,50,0.00392156862745098,0.5,0.1,1.0,0.5,7,8,4,8,50.0,7,87.5,-0.18814706802368164,0.25266411900520325,0.4408111870288849,131.42642211914062,198.74060408200603
P14,T03,3,6,p14_ext_rho035_push050,prototype,50,0.00392156862745098,0.35,0.1,1.0,0.5,6,8,6,8,75.0,6,75.0,-0.18814706802368164,0.2523229718208313,0.44047003984451294,91.02799987792969,201.08013276697602
P14,T03,3,6,p14_ext_rho075_push050,prototype,50,0.00392156862745098,0.75,0.1,1.0,0.5,8,8,7,8,87.5,7,87.5,-0.18814706802368164,0.31855061650276184,0.5066976547241211,196.1820068359375,201.77317305997713
P14,T03,3,6,p14_ext_tau020_push050,prototype,50,0.00392156862745098,0.5,0.2,1.0,0.5,8,8,5,8,62.5,8,100.0,-0.18814706802368164,0.2857116162776947,0.47385868430137634,78.27592468261719,200.97659344098065
P14,T04,4,7,multi_ext_rho025,multiclass_prototype,50,0.00392156862745098,0.25,0.1,1.0,1.0,7,8,3,8,37.5,3,37.5,-0.1668865978717804,0.2774208188056946,0.444307416677475,13.144686698913574,205.46658753301017
P14,T04,4,7,multi_ext_rho050,multiclass_prototype,50,0.00392156862745098,0.5,0.1,1.0,1.0,8,8,1,8,12.5,1,12.5,-0.1668865978717804,0.32184070348739624,0.48872730135917664,26.224971771240234,207.314235044003
P14,T04,4,7,multi_ext_rho100,multiclass_prototype,50,0.00392156862745098,1.0,0.1,1.0,1.0,8,8,4,8,50.0,4,50.0,-0.1668865978717804,0.3316781520843506,0.498564749956131,52.33717346191406,207.59357797302073
P14,T04,4,7,multi_ext_tau020_rho050,multiclass_prototype,50,0.00392156862745098,0.5,0.2,1.0,1.0,8,8,3,8,37.5,3,37.5,-0.1668865978717804,0.3220784068107605,0.4889650046825409,64.77948760986328,203.62549534701975
P14,T04,4,7,p14_ext_baseline,prototype,50,0.00392156862745098,0.5,0.1,1.0,0.75,7,8,3,8,37.5,4,50.0,-0.16169102489948273,0.24331478774547577,0.4050058126449585,31.347763061523438,202.18253461900167
P14,T04,4,7,p14_ext_push025,prototype,50,0.00392156862745098,0.5,0.1,1.0,0.25,7,8,2,8,25.0,2,25.0,-0.16169102489948273,0.11729387938976288,0.2789849042892456,689.31201171875,199.239496899012
P14,T04,4,7,p14_ext_push050,prototype,50,0.00392156862745098,0.5,0.1,1.0,0.5,5,8,2,8,25.0,2,25.0,-0.16169102489948273,0.16923078894615173,0.33092182874679565,118.40348815917969,203.32561163697392
P14,T04,4,7,p14_ext_rho035_push050,prototype,50,0.00392156862745098,0.35,0.1,1.0,0.5,5,8,2,8,25.0,2,25.0,-0.16169102489948273,0.16410258412361145,0.32579362392425537,82.42727661132812,204.68740589200752
P14,T04,4,7,p14_ext_rho075_push050,prototype,50,0.00392156862745098,0.75,0.1,1.0,0.5,6,8,3,8,37.5,4,50.0,-0.16169102489948273,0.19662299752235413,0.35831403732299805,177.54454040527344,201.77406346797943
P14,T04,4,7,p14_ext_tau020_push050,prototype,50,0.00392156862745098,0.5,0.2,1.0,0.5,8,8,3,8,37.5,4,50.0,-0.16169102489948273,0.27761560678482056,0.4393066167831421,102.23747253417969,204.5470805389923
P14,T05,5,8,multi_ext_rho025,multiclass_prototype,50,0.00392156862745098,0.25,0.1,1.0,1.0,8,8,8,8,100.0,8,100.0,-0.08296538144350052,0.26348960399627686,0.3464549779891968,24.801698684692383,204.0683279709774
P14,T05,5,8,multi_ext_rho050,multiclass_prototype,50,0.00392156862745098,0.5,0.1,1.0,1.0,8,8,7,8,87.5,7,87.5,-0.08296538144350052,0.2678566873073578,0.3508220613002777,49.68578338623047,206.6110888000112
P14,T05,5,8,multi_ext_rho100,multiclass_prototype,50,0.00392156862745098,1.0,0.1,1.0,1.0,8,8,7,8,87.5,7,87.5,-0.08296538144350052,0.269747793674469,0.3527131676673889,99.28214263916016,207.58567062800284
P14,T05,5,8,multi_ext_tau020_rho050,multiclass_prototype,50,0.00392156862745098,0.5,0.2,1.0,1.0,8,8,6,8,75.0,6,75.0,-0.08296538144350052,0.2641657888889313,0.3471311628818512,101.65159606933594,209.05193979799515
P14,T05,5,8,p14_ext_baseline,prototype,50,0.00392156862745098,0.5,0.1,1.0,0.75,8,8,7,8,87.5,7,87.5,-0.08296535164117813,0.2610360383987427,0.3440013825893402,102.92205047607422,204.71640275098616
P14,T05,5,8,p14_ext_push025,prototype,50,0.00392156862745098,0.5,0.1,1.0,0.25,8,8,7,8,87.5,8,100.0,-0.08296535164117813,0.13149532675743103,0.21446067094802856,2625.270263671875,203.59988854901167
P14,T05,5,8,p14_ext_push050,prototype,50,0.00392156862745098,0.5,0.1,1.0,0.5,8,8,7,8,87.5,7,87.5,-0.08296535164117813,0.1752116084098816,0.2581769526004791,465.7566833496094,204.1267576259561
P14,T05,5,8,p14_ext_rho035_push050,prototype,50,0.00392156862745098,0.35,0.1,1.0,0.5,8,8,6,8,75.0,6,75.0,-0.08296535164117813,0.17571160197257996,0.2586769461631775,323.4668273925781,201.40656373498496
P14,T05,5,8,p14_ext_rho075_push050,prototype,50,0.00392156862745098,0.75,0.1,1.0,0.5,8,8,7,8,87.5,8,100.0,-0.08296535164117813,0.19978025555610657,0.2827455997467041,696.0836791992188,203.88673690403812
P14,T05,5,8,p14_ext_tau020_push050,prototype,50,0.00392156862745098,0.5,0.2,1.0,0.5,8,8,6,8,75.0,6,75.0,-0.08296535164117813,0.2007274627685547,0.2836928069591522,225.4304656982422,202.430471449974
P14,T06,6,9,multi_ext_rho025,multiclass_prototype,50,0.00392156862745098,0.25,0.1,1.0,1.0,8,8,8,8,100.0,8,100.0,-0.12938253581523895,0.28886517882347107,0.41824769973754883,44.17192840576172,207.71119520196225
P14,T06,6,9,multi_ext_rho050,multiclass_prototype,50,0.00392156862745098,0.5,0.1,1.0,1.0,8,8,7,8,87.5,7,87.5,-0.12938253581523895,0.2926465570926666,0.4220290780067444,88.52318572998047,206.44494037004188
P14,T06,6,9,multi_ext_rho100,multiclass_prototype,50,0.00392156862745098,1.0,0.1,1.0,1.0,8,8,8,8,100.0,8,100.0,-0.12938253581523895,0.2941860854625702,0.42356860637664795,176.81060791015625,206.68210856895894
P14,T06,6,9,multi_ext_tau020_rho050,multiclass_prototype,50,0.00392156862745098,0.5,0.2,1.0,1.0,8,8,8,8,100.0,8,100.0,-0.12938253581523895,0.2899976372718811,0.41938018798828125,221.48387145996094,207.71660035400419
P14,T06,6,9,p14_ext_baseline,prototype,50,0.00392156862745098,0.5,0.1,1.0,0.75,8,8,8,8,100.0,8,100.0,-0.12938256561756134,0.31301185488700867,0.4423944354057312,124.0331039428711,202.15917714999523
P14,T06,6,9,p14_ext_push025,prototype,50,0.00392156862745098,0.5,0.1,1.0,0.25,7,8,6,8,75.0,8,100.0,-0.12938256561756134,0.14179596304893494,0.27117854356765747,4130.9404296875,202.62271427200176
P14,T06,6,9,p14_ext_push050,prototype,50,0.00392156862745098,0.5,0.1,1.0,0.5,8,8,8,8,100.0,8,100.0,-0.12938256561756134,0.22988131642341614,0.35926389694213867,629.1231689453125,201.42105893895496
P14,T06,6,9,p14_ext_rho035_push050,prototype,50,0.00392156862745098,0.35,0.1,1.0,0.5,8,8,8,8,100.0,8,100.0,-0.12938256561756134,0.2306590974330902,0.36004167795181274,439.6777648925781,202.00791715999367
P14,T06,6,9,p14_ext_rho075_push050,prototype,50,0.00392156862745098,0.75,0.1,1.0,0.5,8,8,8,8,100.0,8,100.0,-0.12938256561756134,0.2407017946243286,0.37008434534072876,939.9067993164062,202.2033397849882
P14,T06,6,9,p14_ext_tau020_push050,prototype,50,0.00392156862745098,0.5,0.2,1.0,0.5,8,8,8,8,100.0,8,100.0,-0.12938256561756134,0.2421371340751648,0.37151968479156494,316.5813293457031,204.1206417499925
P14,T07,7,10,multi_ext_rho025,multiclass_prototype,50,0.00392156862745098,0.25,0.1,1.0,1.0,8,8,6,8,75.0,6,75.0,-0.14754146337509155,0.23587661981582642,0.38341808319091797,22.142242431640625,206.84276727301767
P14,T07,7,10,multi_ext_rho050,multiclass_prototype,50,0.00392156862745098,0.5,0.1,1.0,1.0,8,8,7,8,87.5,7,87.5,-0.14754146337509155,0.2582750618457794,0.40581652522087097,44.26197814941406,207.3211078220047
P14,T07,7,10,multi_ext_rho100,multiclass_prototype,50,0.00392156862745098,1.0,0.1,1.0,1.0,8,8,6,8,75.0,6,75.0,-0.14754146337509155,0.26160484552383423,0.4091463088989258,88.45014190673828,207.984516676981
P14,T07,7,10,multi_ext_tau020_rho050,multiclass_prototype,50,0.00392156862745098,0.5,0.2,1.0,1.0,8,8,6,8,75.0,6,75.0,-0.14754146337509155,0.2556765079498291,0.40321797132492065,104.53253173828125,206.94232050003484
P14,T07,7,10,p14_ext_baseline,prototype,50,0.00392156862745098,0.5,0.1,1.0,0.75,6,8,6,8,75.0,7,87.5,-0.14754149317741394,0.24715106189250946,0.3946925401687622,51.25699234008789,205.28530307498295
P14,T07,7,10,p14_ext_push025,prototype,50,0.00392156862745098,0.5,0.1,1.0,0.25,6,8,4,8,50.0,7,87.5,-0.14754149317741394,0.12793025374412537,0.2754717469215393,1264.4412841796875,204.58234891900793
P14,T07,7,10,p14_ext_push050,prototype,50,0.00392156862745098,0.5,0.1,1.0,0.5,5,8,4,8,50.0,7,87.5,-0.14754149317741394,0.15504948794841766,0.3025909662246704,220.7705078125,202.69427774101496
P14,T07,7,10,p14_ext_rho035_push050,prototype,50,0.00392156862745098,0.35,0.1,1.0,0.5,6,8,3,8,37.5,6,75.0,-0.14754149317741394,0.1507662534713745,0.29830774664878845,154.3274383544922,203.19256534200395
P14,T07,7,10,p14_ext_rho075_push050,prototype,50,0.00392156862745098,0.75,0.1,1.0,0.5,6,8,4,8,50.0,7,87.5,-0.14754149317741394,0.18623313307762146,0.3337746262550354,330.4523010253906,203.20785502396757
P14,T07,7,10,p14_ext_tau020_push050,prototype,50,0.00392156862745098,0.5,0.2,1.0,0.5,8,8,8,8,100.0,8,100.0,-0.14754149317741394,0.24955329298973083,0.3970947861671448,144.74752807617188,198.8771323899855
P14,T08,8,1,multi_ext_rho025,multiclass_prototype,50,0.00392156862745098,0.25,0.1,1.0,1.0,8,8,4,8,50.0,4,50.0,-0.2389531135559082,0.33438241481781006,0.5733355283737183,13.881128311157227,205.51688617799664
P14,T08,8,1,multi_ext_rho050,multiclass_prototype,50,0.00392156862745098,0.5,0.1,1.0,1.0,8,8,3,8,37.5,3,37.5,-0.2389531135559082,0.37213441729545593,0.6110875606536865,27.73937225341797,207.01243291900028
P14,T08,8,1,multi_ext_rho100,multiclass_prototype,50,0.00392156862745098,1.0,0.1,1.0,1.0,8,8,3,8,37.5,3,37.5,-0.2389531135559082,0.3732488751411438,0.612201988697052,55.38198471069336,205.40107622696087
P14,T08,8,1,multi_ext_tau020_rho050,multiclass_prototype,50,0.00392156862745098,0.5,0.2,1.0,1.0,8,8,5,8,62.5,5,62.5,-0.2389531135559082,0.36924123764038086,0.6081943511962891,68.70042419433594,205.02736579201883
P14,T08,8,1,p14_ext_baseline,prototype,50,0.00392156862745098,0.5,0.1,1.0,0.75,8,8,6,8,75.0,6,75.0,-0.2389531135559082,0.36108577251434326,0.6000388860702515,24.61574363708496,201.65883406897774
P14,T08,8,1,p14_ext_push025,prototype,50,0.00392156862745098,0.5,0.1,1.0,0.25,8,8,4,8,50.0,4,50.0,-0.2389531135559082,0.19409196078777313,0.43304508924484253,549.5200805664062,198.53820602799533
P14,T08,8,1,p14_ext_push050,prototype,50,0.00392156862745098,0.5,0.1,1.0,0.5,7,8,5,8,62.5,5,62.5,-0.2389531135559082,0.2275039553642273,0.4664570689201355,85.35548400878906,201.19905017403653
P14,T08,8,1,p14_ext_rho035_push050,prototype,50,0.00392156862745098,0.35,0.1,1.0,0.5,6,8,4,8,50.0,4,50.0,-0.2389531135559082,0.16561421751976013,0.40456733107566833,59.29767608642578,199.29408633400453
P14,T08,8,1,p14_ext_rho075_push050,prototype,50,0.00392156862745098,0.75,0.1,1.0,0.5,8,8,6,8,75.0,6,75.0,-0.2389531135559082,0.272891104221344,0.5118442177772522,127.67999267578125,200.0624548929627
P14,T08,8,1,p14_ext_tau020_push050,prototype,50,0.00392156862745098,0.5,0.2,1.0,0.5,7,8,7,8,87.5,7,87.5,-0.2389531135559082,0.252646267414093,0.4915993809700012,81.20204162597656,201.47415996500058
P14,T09,9,2,multi_ext_rho025,multiclass_prototype,50,0.00392156862745098,0.25,0.1,1.0,1.0,8,8,4,8,50.0,4,50.0,-0.19835901260375977,0.3792154788970947,0.5775744915008545,25.928924560546875,206.6494395750342
P14,T09,9,2,multi_ext_rho050,multiclass_prototype,50,0.00392156862745098,0.5,0.1,1.0,1.0,8,8,4,8,50.0,4,50.0,-0.19835901260375977,0.43110281229019165,0.6294618248939514,51.846588134765625,207.6422661379911
P14,T09,9,2,multi_ext_rho100,multiclass_prototype,50,0.00392156862745098,1.0,0.1,1.0,1.0,8,8,3,8,37.5,4,50.0,-0.19835901260375977,0.44252240657806396,0.6408814191818237,103.95027160644531,204.77946505497675
P14,T09,9,2,multi_ext_tau020_rho050,multiclass_prototype,50,0.00392156862745098,0.5,0.2,1.0,1.0,7,8,3,8,37.5,3,37.5,-0.19835901260375977,0.3955478072166443,0.593906819820404,103.51378631591797,205.8106324240216
P14,T09,9,2,p14_ext_baseline,prototype,50,0.00392156862745098,0.5,0.1,1.0,0.75,7,8,6,8,75.0,7,87.5,-0.19835904240608215,0.38737571239471436,0.5857347249984741,50.42621994018555,199.55537874798756
P14,T09,9,2,p14_ext_push025,prototype,50,0.00392156862745098,0.5,0.1,1.0,0.25,7,8,5,8,62.5,5,62.5,-0.19835904240608215,0.22269776463508606,0.4210568070411682,854.4488525390625,199.06325259205187
P14,T09,9,2,p14_ext_push050,prototype,50,0.00392156862745098,0.5,0.1,1.0,0.5,8,8,6,8,75.0,6,75.0,-0.19835904240608215,0.28965121507644653,0.4880102574825287,159.18544006347656,200.29068299400387
P14,T09,9,2,p14_ext_rho035_push050,prototype,50,0.00392156862745098,0.35,0.1,1.0,0.5,8,8,5,8,62.5,5,62.5,-0.19835904240608215,0.24213284254074097,0.4404918849468231,111.86715698242188,198.88113071600674
P14,T09,9,2,p14_ext_rho075_push050,prototype,50,0.00392156862745098,0.75,0.1,1.0,0.5,8,8,4,8,50.0,4,50.0,-0.19835904240608215,0.30691078305244446,0.5052698254585266,238.79251098632812,200.27713810600108
P14,T09,9,2,p14_ext_tau020_push050,prototype,50,0.00392156862745098,0.5,0.2,1.0,0.5,8,8,8,8,100.0,8,100.0,-0.19835904240608215,0.3616129457950592,0.5599719882011414,148.44944763183594,199.1623408839805
P14,T10,10,3,multi_ext_rho025,multiclass_prototype,50,0.00392156862745098,0.25,0.1,1.0,1.0,8,8,4,8,50.0,4,50.0,-0.221613347530365,0.4285547137260437,0.6501680612564087,10.171041488647461,204.7041771140066
P14,T10,10,3,multi_ext_rho050,multiclass_prototype,50,0.00392156862745098,0.5,0.1,1.0,1.0,8,8,3,8,37.5,3,37.5,-0.221613347530365,0.44544610381126404,0.6670594215393066,20.39011573791504,204.82252892595716
P14,T10,10,3,multi_ext_rho100,multiclass_prototype,50,0.00392156862745098,1.0,0.1,1.0,1.0,8,8,3,8,37.5,3,37.5,-0.221613347530365,0.4606841802597046,0.6822975277900696,40.773563385009766,208.30815754196374
P14,T10,10,3,multi_ext_tau020_rho050,multiclass_prototype,50,0.00392156862745098,0.5,0.2,1.0,1.0,8,8,3,8,37.5,3,37.5,-0.221613347530365,0.4468870162963867,0.6685003638267517,39.60026168823242,204.4082641400164
P14,T10,10,3,p14_ext_baseline,prototype,50,0.00392156862745098,0.5,0.1,1.0,0.75,8,8,4,8,50.0,4,50.0,-0.22161325812339783,0.43376365303993225,0.6553769111633301,26.064409255981445,200.44412457203725
P14,T10,10,3,p14_ext_push025,prototype,50,0.00392156862745098,0.5,0.1,1.0,0.25,7,8,1,8,12.5,1,12.5,-0.22161325812339783,0.11449342966079712,0.33610668778419495,790.21142578125,199.06760444899555
P14,T10,10,3,p14_ext_push050,prototype,50,0.00392156862745098,0.5,0.1,1.0,0.5,8,8,4,8,50.0,4,50.0,-0.22161325812339783,0.3551928997039795,0.5768061876296997,117.26911926269531,201.84382316400297
P14,T10,10,3,p14_ext_rho035_push050,prototype,50,0.00392156862745098,0.35,0.1,1.0,0.5,8,8,5,8,62.5,5,62.5,-0.22161325812339783,0.27805423736572266,0.4996674954891205,82.26920318603516,200.4030871259747
P14,T10,10,3,p14_ext_rho075_push050,prototype,50,0.00392156862745098,0.75,0.1,1.0,0.5,8,8,3,8,37.5,3,37.5,-0.22161325812339783,0.3789252042770386,0.6005384922027588,175.70159912109375,201.12715335102985
P14,T10,10,3,p14_ext_tau020_push050,prototype,50,0.00392156862745098,0.5,0.2,1.0,0.5,8,8,4,8,50.0,4,50.0,-0.22161325812339783,0.37618333101272583,0.5977965593338013,89.77902221679688,200.00224200397497
P16,T01,1,4,multi_ext_rho025,multiclass_prototype,50,0.00392156862745098,0.25,0.1,1.0,1.0,8,8,4,8,50.0,4,50.0,-0.2355552315711975,0.49297842383384705,0.7285336256027222,17.218223571777344,130.3309394029784
P16,T01,1,4,multi_ext_rho050,multiclass_prototype,50,0.00392156862745098,0.5,0.1,1.0,1.0,8,8,3,8,37.5,4,50.0,-0.2355552315711975,0.495648592710495,0.7312037944793701,34.43330764770508,126.92001203197287
P16,T01,1,4,multi_ext_rho100,multiclass_prototype,50,0.00392156862745098,1.0,0.1,1.0,1.0,8,8,4,8,50.0,5,62.5,-0.2355552315711975,0.495854914188385,0.7314101457595825,68.90145111083984,124.1822232020204
P16,T01,1,4,multi_ext_tau020_rho050,multiclass_prototype,50,0.00392156862745098,0.5,0.2,1.0,1.0,8,8,4,8,50.0,4,50.0,-0.2355552315711975,0.49168097972869873,0.7272362112998962,82.39698791503906,124.2910885780002
P16,T01,1,4,p16_ext_push010,prototype,50,0.00392156862745098,1.0,0.1,1.0,0.1,8,8,5,8,62.5,5,62.5,-0.2355552315711975,0.32523423433303833,0.5607894659042358,12569.357421875,117.60461679700529
P16,T01,1,4,p16_ext_push020,prototype,50,0.00392156862745098,1.0,0.1,1.0,0.2,8,8,5,8,62.5,5,62.5,-0.2355552315711975,0.3767635226249695,0.612318754196167,5379.1357421875,116.09254030801822
P16,T01,1,4,p16_ext_push035,prototype,50,0.00392156862745098,1.0,0.1,1.0,0.35,8,8,4,8,50.0,5,62.5,-0.2355552315711975,0.44769397377967834,0.6832492351531982,1508.7955322265625,116.1234370060265
P16,T01,1,4,p16_ext_rho075_push025,prototype,50,0.00392156862745098,0.75,0.1,1.0,0.25,8,8,5,8,62.5,5,62.5,-0.2355552315711975,0.3991546332836151,0.6347098350524902,2638.040771484375,116.13603713200428
P16,T01,1,4,p16_ext_rho125_push025,prototype,50,0.00392156862745098,1.25,0.1,1.0,0.25,8,8,5,8,62.5,6,75.0,-0.2355552315711975,0.4019771218299866,0.6375323534011841,4403.9619140625,116.0054179559811
P16,T01,1,4,p16_ext_tau005_push025,prototype,50,0.00392156862745098,1.0,0.05,1.0,0.25,8,8,6,8,75.0,6,75.0,-0.2355552315711975,0.3559502363204956,0.5915054678916931,125760.609375,116.12245125498157
P16,T01,1,4,p16_ext_tau020_push025,prototype,50,0.00392156862745098,1.0,0.2,1.0,0.25,8,8,3,8,37.5,5,62.5,-0.2355552315711975,0.40570592880249023,0.6412611603736877,899.1494750976562,115.90318526298506
P16,T01,1,4,p16_reserve_baseline,prototype,50,0.00392156862745098,1.0,0.1,1.0,1.0,8,8,3,8,37.5,4,50.0,-0.2355552315711975,0.6202526688575745,0.855807900428772,45.835853576660156,121.29693739197683
P16,T01,1,4,p16_reserve_push025,prototype,50,0.00392156862745098,1.0,0.1,1.0,0.25,8,8,6,8,75.0,6,75.0,-0.2355552315711975,0.4020465314388275,0.6376017332077026,3522.384765625,115.78071254398674
P16,T01,1,4,p16_reserve_push050,prototype,50,0.00392156862745098,1.0,0.1,1.0,0.5,8,8,5,8,62.5,5,62.5,-0.2355552315711975,0.5151249170303345,0.750680148601532,440.1059265136719,116.15449297503801
P16,T01,1,4,p16_reserve_rho075_push050,prototype,50,0.00392156862745098,0.75,0.1,1.0,0.5,8,8,6,8,75.0,6,75.0,-0.2355552315711975,0.5132642984390259,0.7488195300102234,329.94183349609375,116.24513557198225
P16,T01,1,4,p16_reserve_rho125_push050,prototype,50,0.00392156862745098,1.25,0.1,1.0,0.5,8,8,2,8,25.0,5,62.5,-0.2355552315711975,0.5168169736862183,0.7523722052574158,550.6055908203125,116.03296643396607
P16,T02,2,5,multi_ext_rho025,multiclass_prototype,50,0.00392156862745098,0.25,0.1,1.0,1.0,8,8,0,8,0.0,0,0.0,-0.22540317475795746,0.30623286962509155,0.5316360592842102,9.41468334197998,124.02036545897136
P16,T02,2,5,multi_ext_rho050,multiclass_prototype,50,0.00392156862745098,0.5,0.1,1.0,1.0,8,8,0,8,0.0,0,0.0,-0.22540317475795746,0.31952860951423645,0.5449317693710327,18.85842514038086,123.880851739028
P16,T02,2,5,multi_ext_rho100,multiclass_prototype,50,0.00392156862745098,1.0,0.1,1.0,1.0,8,8,0,8,0.0,1,12.5,-0.22540317475795746,0.3269326984882355,0.5523358583450317,37.645301818847656,124.05681900901254
P16,T02,2,5,multi_ext_tau020_rho050,multiclass_prototype,50,0.00392156862745098,0.5,0.2,1.0,1.0,8,8,0,8,0.0,0,0.0,-0.22540317475795746,0.31764495372772217,0.5430481433868408,50.5991325378418,123.99625355598982
P16,T02,2,5,p16_diag_best_small_steps,prototype,100,0.00196078431372549,1.0,0.1,1.0,0.25,8,8,0,8,0.0,0,0.0,-0.22540323436260223,0.3361743092536926,0.561577558517456,2971.080810546875,270.0511255359743
P16,T02,2,5,p16_diag_best_standard,prototype,50,0.00392156862745098,1.0,0.1,1.0,0.25,8,8,0,8,0.0,1,12.5,-0.22540323436260223,0.3167457580566406,0.542149007320404,2960.77880859375,156.67040503799217
P16,T02,2,5,p16_diag_lower_aux,prototype,50,0.00392156862745098,0.5,0.1,1.0,0.25,6,8,0,8,0.0,0,0.0,-0.22540323436260223,0.24143952131271362,0.46684277057647705,1480.0321044921875,149.27016987500247
P16,T02,2,5,p16_ext_push010,prototype,50,0.00392156862745098,1.0,0.1,1.0,0.1,8,8,0,8,0.0,0,0.0,-0.22540323436260223,0.25832587480545044,0.48372912406921387,11210.3291015625,115.89886529097566
P16,T02,2,5,p16_ext_push020,prototype,50,0.00392156862745098,1.0,0.1,1.0,0.2,8,8,0,8,0.0,0,0.0,-0.22540323436260223,0.30440130829811096,0.529804527759552,4617.53955078125,116.22104686597595
P16,T02,2,5,p16_ext_push035,prototype,50,0.00392156862745098,1.0,0.1,1.0,0.35,8,8,0,8,0.0,0,0.0,-0.22540323436260223,0.35160642862319946,0.5770096778869629,1220.7950439453125,116.06745140103158
P16,T02,2,5,p16_ext_rho075_push025,prototype,50,0.00392156862745098,0.75,0.1,1.0,0.25,8,8,0,8,0.0,0,0.0,-0.22540323436260223,0.312227725982666,0.5376309752464294,2222.7265625,115.95204769301927
P16,T02,2,5,p16_ext_rho125_push025,prototype,50,0.00392156862745098,1.25,0.1,1.0,0.25,7,8,0,8,0.0,0,0.0,-0.22540323436260223,0.3071059584617615,0.5325092077255249,3703.902587890625,116.39771599898813
P16,T02,2,5,p16_ext_tau005_push025,prototype,50,0.00392156862745098,1.0,0.05,1.0,0.25,8,8,1,8,12.5,1,12.5,-0.22540323436260223,0.23853516578674316,0.4639384150505066,153314.015625,116.0304936930188
P16,T02,2,5,p16_ext_tau020_push025,prototype,50,0.00392156862745098,1.0,0.2,1.0,0.25,8,8,0,8,0.0,0,0.0,-0.22540323436260223,0.3397570252418518,0.5651602745056152,619.950439453125,116.103801313031
P16,T02,2,5,p16_layer11_standard,prototype,50,0.00392156862745098,1.0,0.1,1.0,0.25,8,8,0,8,0.0,0,0.0,-0.2412528693675995,0.3485124707221985,0.5897653102874756,1676.120849609375,119.47184078302234
P16,T02,2,5,p16_layer17_gate_small,prototype,100,0.00196078431372549,1.0,0.1,1.0,0.25,8,8,0,8,0.0,0,0.0,-0.22540323436260223,0.2915785014629364,0.5169817209243774,2970.089599609375,163.88805927702924
P16,T02,2,5,p16_layer17_gate_standard,prototype,50,0.00392156862745098,1.0,0.1,1.0,0.25,8,8,0,8,0.0,0,0.0,-0.22540323436260223,0.2954854965209961,0.5208887457847595,2963.7490234375,116.02497912698891
P16,T02,2,5,p16_layer23_standard,prototype,50,0.00392156862745098,1.0,0.1,1.0,0.25,8,8,0,8,0.0,0,0.0,-0.0706123486161232,0.08861436694860458,0.15922671556472778,21630.41015625,118.75558546703542
P16,T02,2,5,p16_reserve_baseline,prototype,50,0.00392156862745098,1.0,0.1,1.0,1.0,8,8,0,8,0.0,1,12.5,-0.22540323436260223,0.5298707485198975,0.7552739977836609,24.61052131652832,115.87911283801077
P16,T02,2,5,p16_reserve_push025,prototype,50,0.00392156862745098,1.0,0.1,1.0,0.25,7,8,0,8,0.0,0,0.0,-0.22540323436260223,0.3001466989517212,0.5255499482154846,2958.126708984375,116.27454352099448
P16,T02,2,5,p16_reserve_push050,prototype,50,0.00392156862745098,1.0,0.1,1.0,0.5,8,8,0,8,0.0,0,0.0,-0.22540323436260223,0.39738214015960693,0.6227853894233704,327.9426574707031,116.03593071800424
P16,T02,2,5,p16_reserve_rho075_push050,prototype,50,0.00392156862745098,0.75,0.1,1.0,0.5,8,8,1,8,12.5,1,12.5,-0.22540323436260223,0.3997606039047241,0.6251638531684875,246.72088623046875,115.90868375403807
P16,T02,2,5,p16_reserve_rho125_push050,prototype,50,0.00392156862745098,1.25,0.1,1.0,0.5,8,8,0,8,0.0,0,0.0,-0.22540323436260223,0.3988471031188965,0.6242503523826599,411.0392150878906,115.72240162402159
P16,T03,3,6,multi_ext_rho025,multiclass_prototype,50,0.00392156862745098,0.25,0.1,1.0,1.0,8,8,0,8,0.0,0,0.0,-0.189540833234787,0.3519958555698395,0.5415366888046265,10.369385719299316,123.90961267799139
P16,T03,3,6,multi_ext_rho050,multiclass_prototype,50,0.00392156862745098,0.5,0.1,1.0,1.0,8,8,0,8,0.0,1,12.5,-0.189540833234787,0.3629613518714905,0.5525021553039551,20.7362060546875,124.05832922400441
P16,T03,3,6,multi_ext_rho100,multiclass_prototype,50,0.00392156862745098,1.0,0.1,1.0,1.0,8,8,0,8,0.0,1,12.5,-0.189540833234787,0.36650997400283813,0.5560507774353027,41.72976303100586,124.00815101200715
P16,T03,3,6,multi_ext_tau020_rho050,multiclass_prototype,50,0.00392156862745098,0.5,0.2,1.0,1.0,8,8,0,8,0.0,1,12.5,-0.189540833234787,0.36018306016921997,0.5497238636016846,53.11379623413086,123.86394921096507
P16,T03,3,6,p16_ext_push010,prototype,50,0.00392156862745098,1.0,0.1,1.0,0.1,8,8,1,8,12.5,2,25.0,-0.18954084813594818,0.30748626589775085,0.49702709913253784,8688.1513671875,115.95840357197449
P16,T03,3,6,p16_ext_push020,prototype,50,0.00392156862745098,1.0,0.1,1.0,0.2,8,8,1,8,12.5,2,25.0,-0.18954084813594818,0.34731924533843994,0.5368601083755493,3716.0693359375,115.79438445903361
P16,T03,3,6,p16_ext_push035,prototype,50,0.00392156862745098,1.0,0.1,1.0,0.35,8,8,1,8,12.5,2,25.0,-0.18954084813594818,0.413408100605011,0.6029489636421204,1031.9742431640625,115.7553943710518
P16,T03,3,6,p16_ext_rho075_push025,prototype,50,0.00392156862745098,0.75,0.1,1.0,0.25,8,8,1,8,12.5,2,25.0,-0.18954084813594818,0.3627701699733734,0.5523110032081604,1811.6522216796875,115.7657846880029
P16,T03,3,6,p16_ext_rho125_push025,prototype,50,0.00392156862745098,1.25,0.1,1.0,0.25,8,8,2,8,25.0,2,25.0,-0.18954084813594818,0.37033918499946594,0.5598800182342529,3026.824462890625,116.19157487002667
P16,T03,3,6,p16_ext_tau005_push025,prototype,50,0.00392156862745098,1.0,0.05,1.0,0.25,8,8,1,8,12.5,1,12.5,-0.18954084813594818,0.315868079662323,0.5054089426994324,75306.890625,115.82414792501368
P16,T03,3,6,p16_ext_tau020_push025,prototype,50,0.00392156862745098,1.0,0.2,1.0,0.25,8,8,1,8,12.5,2,25.0,-0.18954084813594818,0.3767104744911194,0.5662513375282288,605.6333618164062,116.01930873899255
P16,T03,3,6,p16_reserve_baseline,prototype,50,0.00392156862745098,1.0,0.1,1.0,1.0,8,8,1,8,12.5,4,50.0,-0.18954084813594818,0.5591632127761841,0.7487040758132935,24.141080856323242,116.02648097998463
P16,T03,3,6,p16_reserve_push025,prototype,50,0.00392156862745098,1.0,0.1,1.0,0.25,8,8,2,8,25.0,3,37.5,-0.18954084813594818,0.37277036905288696,0.5623112320899963,2427.81884765625,115.95553026598645
P16,T03,3,6,p16_reserve_push050,prototype,50,0.00392156862745098,1.0,0.1,1.0,0.5,8,8,2,8,25.0,4,50.0,-0.18954084813594818,0.4711865186691284,0.6607273817062378,297.6034851074219,115.89234867302002
P16,T03,3,6,p16_reserve_rho075_push050,prototype,50,0.00392156862745098,0.75,0.1,1.0,0.5,8,8,2,8,25.0,3,37.5,-0.18954084813594818,0.4680151045322418,0.6575559377670288,223.6200408935547,116.0883628919837
P16,T03,3,6,p16_reserve_rho125_push050,prototype,50,0.00392156862745098,1.25,0.1,1.0,0.5,8,8,1,8,12.5,4,50.0,-0.18954084813594818,0.4767373204231262,0.6662781834602356,372.10040283203125,115.779897978995
P16,T04,4,7,multi_ext_rho025,multiclass_prototype,50,0.00392156862745098,0.25,0.1,1.0,1.0,8,8,1,8,12.5,1,12.5,-0.23621869087219238,0.49550098180770874,0.7317196726799011,21.548442840576172,124.32830859697424
P16,T04,4,7,multi_ext_rho050,multiclass_prototype,50,0.00392156862745098,0.5,0.1,1.0,1.0,8,8,1,8,12.5,1,12.5,-0.23621869087219238,0.49935799837112427,0.7355766892433167,43.28398513793945,124.46812276000855
P16,T04,4,7,multi_ext_rho100,multiclass_prototype,50,0.00392156862745098,1.0,0.1,1.0,1.0,8,8,1,8,12.5,1,12.5,-0.23621869087219238,0.5011191368103027,0.7373378276824951,86.71388244628906,124.37489586597076
P16,T04,4,7,multi_ext_tau020_rho050,multiclass_prototype,50,0.00392156862745098,0.5,0.2,1.0,1.0,8,8,1,8,12.5,1,12.5,-0.23621869087219238,0.49969667196273804,0.7359153628349304,112.27848815917969,124.28704926295904
P16,T04,4,7,p16_ext_push010,prototype,50,0.00392156862745098,1.0,0.1,1.0,0.1,8,8,1,8,12.5,1,12.5,-0.2218989133834839,0.36880388855934143,0.5907027721405029,7217.7158203125,116.26842230703915
P16,T04,4,7,p16_ext_push020,prototype,50,0.00392156862745098,1.0,0.1,1.0,0.2,8,8,1,8,12.5,1,12.5,-0.2218989133834839,0.4180977940559387,0.6399967074394226,3126.56005859375,115.96249618404545
P16,T04,4,7,p16_ext_push035,prototype,50,0.00392156862745098,1.0,0.1,1.0,0.35,8,8,1,8,12.5,1,12.5,-0.2218989133834839,0.4844363033771515,0.706335186958313,922.4669799804688,116.30751017201692
P16,T04,4,7,p16_ext_rho075_push025,prototype,50,0.00392156862745098,0.75,0.1,1.0,0.25,8,8,1,8,12.5,1,12.5,-0.2218989133834839,0.4390260577201843,0.6609249711036682,1541.6702880859375,116.45879260398215
P16,T04,4,7,p16_ext_rho125_push025,prototype,50,0.00392156862745098,1.25,0.1,1.0,0.25,8,8,1,8,12.5,1,12.5,-0.2218989133834839,0.43964022397994995,0.6615391373634338,2575.040771484375,115.97628622100456
P16,T04,4,7,p16_ext_tau005_push025,prototype,50,0.00392156862745098,1.0,0.05,1.0,0.25,8,8,1,8,12.5,1,12.5,-0.2218989133834839,0.4075591266155243,0.6294580698013306,20455.33203125,116.12620158400387
P16,T04,4,7,p16_ext_tau020_push025,prototype,50,0.00392156862745098,1.0,0.2,1.0,0.25,8,8,1,8,12.5,1,12.5,-0.2218989133834839,0.443654328584671,0.6655532121658325,877.30322265625,116.22840704798
P16,T04,4,7,p16_reserve_baseline,prototype,50,0.00392156862745098,1.0,0.1,1.0,1.0,8,8,0,8,0.0,1,12.5,-0.2218989133834839,0.6357954144477844,0.8576943278312683,65.51100158691406,116.18344396498287
P16,T04,4,7,p16_reserve_push025,prototype,50,0.00392156862745098,1.0,0.1,1.0,0.25,8,8,1,8,12.5,1,12.5,-0.2218989133834839,0.4393043518066406,0.6612032651901245,2062.45458984375,116.03559416002827
P16,T04,4,7,p16_reserve_push050,prototype,50,0.00392156862745098,1.0,0.1,1.0,0.5,8,8,1,8,12.5,1,12.5,-0.2218989133834839,0.5417801141738892,0.763679027557373,311.09783935546875,116.24003422900569
P16,T04,4,7,p16_reserve_rho075_push050,prototype,50,0.00392156862745098,0.75,0.1,1.0,0.5,8,8,1,8,12.5,2,25.0,-0.2218989133834839,0.5373225808143616,0.7592214941978455,234.20338439941406,116.29097863798961
P16,T04,4,7,p16_reserve_rho125_push050,prototype,50,0.00392156862745098,1.25,0.1,1.0,0.5,8,8,1,8,12.5,1,12.5,-0.2218989133834839,0.5435279607772827,0.7654268741607666,391.8424987792969,116.4998568840092
P16,T05,5,8,multi_ext_rho025,multiclass_prototype,50,0.00392156862745098,0.25,0.1,1.0,1.0,8,8,2,8,25.0,2,25.0,-0.0967828556895256,0.3737066388130188,0.470489501953125,23.720781326293945,124.04064414202003
P16,T05,5,8,multi_ext_rho050,multiclass_prototype,50,0.00392156862745098,0.5,0.1,1.0,1.0,8,8,3,8,37.5,3,37.5,-0.0967828556895256,0.3755849599838257,0.4723678231239319,47.64605712890625,124.06213925400516
P16,T05,5,8,multi_ext_rho100,multiclass_prototype,50,0.00392156862745098,1.0,0.1,1.0,1.0,8,8,2,8,25.0,2,25.0,-0.0967828556895256,0.37862446904182434,0.47540733218193054,95.10032653808594,124.05873536900617
P16,T05,5,8,multi_ext_tau020_rho050,multiclass_prototype,50,0.00392156862745098,0.5,0.2,1.0,1.0,8,8,2,8,25.0,2,25.0,-0.0967828556895256,0.36934947967529297,0.46613234281539917,103.978759765625,124.08931012300309
P16,T05,5,8,p16_ext_push010,prototype,50,0.00392156862745098,1.0,0.1,1.0,0.1,8,8,4,8,50.0,4,50.0,-0.09678281098604202,0.19452354311943054,0.29130634665489197,34718.85546875,116.34401443001116
P16,T05,5,8,p16_ext_push020,prototype,50,0.00392156862745098,1.0,0.1,1.0,0.2,8,8,3,8,37.5,3,37.5,-0.09678281098604202,0.23047837615013123,0.32726117968559265,15487.3896484375,116.16830750799272
P16,T05,5,8,p16_ext_push035,prototype,50,0.00392156862745098,1.0,0.1,1.0,0.35,8,8,4,8,50.0,4,50.0,-0.09678281098604202,0.2864589989185333,0.38324180245399475,4527.02294921875,116.0913840479916
P16,T05,5,8,p16_ext_rho075_push025,prototype,50,0.00392156862745098,0.75,0.1,1.0,0.25,8,8,4,8,50.0,4,50.0,-0.09678281098604202,0.24900472164154053,0.34578752517700195,7721.1865234375,116.36709165200591
P16,T05,5,8,p16_ext_rho125_push025,prototype,50,0.00392156862745098,1.25,0.1,1.0,0.25,8,8,3,8,37.5,3,37.5,-0.09678281098604202,0.2499050796031952,0.3466878831386566,12903.3427734375,116.18176161701558
P16,T05,5,8,p16_ext_tau005_push025,prototype,50,0.00392156862745098,1.0,0.05,1.0,0.25,8,8,4,8,50.0,4,50.0,-0.09678281098604202,0.242460697889328,0.33924350142478943,945528.4375,116.5603476590477
P16,T05,5,8,p16_ext_tau020_push025,prototype,50,0.00392156862745098,1.0,0.2,1.0,0.25,8,8,3,8,37.5,3,37.5,-0.09678281098604202,0.24950361251831055,0.346286416053772,1603.2923583984375,115.84053991897963
P16,T05,5,8,p16_reserve_baseline,prototype,50,0.00392156862745098,1.0,0.1,1.0,1.0,8,8,3,8,37.5,3,37.5,-0.09678281098604202,0.4527743458747864,0.5495571494102478,71.83284759521484,115.74422192905331
P16,T05,5,8,p16_reserve_push025,prototype,50,0.00392156862745098,1.0,0.1,1.0,0.25,8,8,4,8,50.0,4,50.0,-0.09678281098604202,0.24817012250423431,0.34495294094085693,10346.9521484375,116.50116174499271
P16,T05,5,8,p16_reserve_push050,prototype,50,0.00392156862745098,1.0,0.1,1.0,0.5,8,8,5,8,62.5,5,62.5,-0.09678281098604202,0.34803974628448486,0.4448225498199463,1328.727783203125,115.8168182639638
P16,T05,5,8,p16_reserve_rho075_push050,prototype,50,0.00392156862745098,0.75,0.1,1.0,0.5,8,8,3,8,37.5,3,37.5,-0.09678281098604202,0.3474222421646118,0.44420504570007324,992.527587890625,116.16262153995922
P16,T05,5,8,p16_reserve_rho125_push050,prototype,50,0.00392156862745098,1.25,0.1,1.0,0.5,8,8,3,8,37.5,3,37.5,-0.09678281098604202,0.3472822904586792,0.4440650939941406,1656.737548828125,116.02819122298388
P16,T06,6,9,multi_ext_rho025,multiclass_prototype,50,0.00392156862745098,0.25,0.1,1.0,1.0,8,8,0,8,0.0,1,12.5,-0.16780543327331543,0.3383384644985199,0.5061439275741577,19.95806121826172,124.12225815904094
P16,T06,6,9,multi_ext_rho050,multiclass_prototype,50,0.00392156862745098,0.5,0.1,1.0,1.0,8,8,1,8,12.5,2,25.0,-0.16780543327331543,0.3418891727924347,0.5096945762634277,39.97762680053711,124.96022358199116
P16,T06,6,9,multi_ext_rho100,multiclass_prototype,50,0.00392156862745098,1.0,0.1,1.0,1.0,8,8,0,8,0.0,1,12.5,-0.16780543327331543,0.3441152572631836,0.511920690536499,79.98809051513672,124.26153916597832
P16,T06,6,9,multi_ext_tau020_rho050,multiclass_prototype,50,0.00392156862745098,0.5,0.2,1.0,1.0,8,8,0,8,0.0,2,25.0,-0.16780543327331543,0.3402813971042633,0.5080868005752563,101.3319320678711,124.17452488897834
P16,T06,6,9,p16_ext_push010,prototype,50,0.00392156862745098,1.0,0.1,1.0,0.1,8,8,2,8,25.0,2,25.0,-0.16780544817447662,0.2063273787498474,0.37413281202316284,26896.70703125,116.13405850098934
P16,T06,6,9,p16_ext_push020,prototype,50,0.00392156862745098,1.0,0.1,1.0,0.2,8,8,1,8,12.5,2,25.0,-0.16780544817447662,0.24023455381393433,0.40803998708724976,11414.5478515625,116.16142561601009
P16,T06,6,9,p16_ext_push035,prototype,50,0.00392156862745098,1.0,0.1,1.0,0.35,8,8,0,8,0.0,2,25.0,-0.16780544817447662,0.2960370182991028,0.4638424515724182,3156.427978515625,116.32653276901692
P16,T06,6,9,p16_ext_rho075_push025,prototype,50,0.00392156862745098,0.75,0.1,1.0,0.25,8,8,2,8,25.0,3,37.5,-0.16780544817447662,0.2563410997390747,0.42414653301239014,5566.40869140625,115.99768551101442
P16,T06,6,9,p16_ext_rho125_push025,prototype,50,0.00392156862745098,1.25,0.1,1.0,0.25,8,8,1,8,12.5,2,25.0,-0.16780544817447662,0.2577837407588959,0.4255892038345337,9312.3447265625,116.20999603602104
P16,T06,6,9,p16_ext_tau005_push025,prototype,50,0.00392156862745098,1.0,0.05,1.0,0.25,8,8,0,8,0.0,2,25.0,-0.16780544817447662,0.2498083859682083,0.41761383414268494,510865.875,115.9744419719791
P16,T06,6,9,p16_ext_tau020_push025,prototype,50,0.00392156862745098,1.0,0.2,1.0,0.25,8,8,1,8,12.5,2,25.0,-0.16780544817447662,0.25918665528297424,0.42699211835861206,1334.188720703125,115.92475917900447
P16,T06,6,9,p16_reserve_baseline,prototype,50,0.00392156862745098,1.0,0.1,1.0,1.0,8,8,0,8,0.0,2,25.0,-0.16780544817447662,0.46449729800224304,0.6323027610778809,60.597633361816406,115.78202191897435
P16,T06,6,9,p16_reserve_push025,prototype,50,0.00392156862745098,1.0,0.1,1.0,0.25,8,8,4,8,50.0,4,50.0,-0.16780544817447662,0.2575119435787201,0.4253174066543579,7410.587890625,116.07045749697136
P16,T06,6,9,p16_reserve_push050,prototype,50,0.00392156862745098,1.0,0.1,1.0,0.5,8,8,1,8,12.5,1,12.5,-0.16780544817447662,0.34987133741378784,0.5176767706871033,887.2310180664062,116.02759223204339
P16,T06,6,9,p16_reserve_rho075_push050,prototype,50,0.00392156862745098,0.75,0.1,1.0,0.5,8,8,1,8,12.5,2,25.0,-0.16780544817447662,0.35135141015052795,0.5191568732261658,666.69677734375,116.22997638804372
P16,T06,6,9,p16_reserve_rho125_push050,prototype,50,0.00392156862745098,1.25,0.1,1.0,0.5,8,8,3,8,37.5,3,37.5,-0.16780544817447662,0.35524147748947144,0.5230469107627869,1113.8206787109375,122.2929591590073
P16,T07,7,10,multi_ext_rho025,multiclass_prototype,50,0.00392156862745098,0.25,0.1,1.0,1.0,8,8,3,8,37.5,3,37.5,-0.2285173535346985,0.3980398178100586,0.6265571713447571,24.43876838684082,124.06022564403247
P16,T07,7,10,multi_ext_rho050,multiclass_prototype,50,0.00392156862745098,0.5,0.1,1.0,1.0,8,8,2,8,25.0,2,25.0,-0.2285173535346985,0.40058624744415283,0.6291036009788513,49.154781341552734,124.01907648600172
P16,T07,7,10,multi_ext_rho100,multiclass_prototype,50,0.00392156862745098,1.0,0.1,1.0,1.0,8,8,1,8,12.5,1,12.5,-0.2285173535346985,0.40247029066085815,0.6309876441955566,97.36900329589844,124.0082556809648
P16,T07,7,10,multi_ext_tau020_rho050,multiclass_prototype,50,0.00392156862745098,0.5,0.2,1.0,1.0,8,8,1,8,12.5,1,12.5,-0.2285173535346985,0.39311307668685913,0.6216304302215576,139.47959899902344,123.9693186620134
P16,T07,7,10,p16_ext_push010,prototype,50,0.00392156862745098,1.0,0.1,1.0,0.1,8,8,3,8,37.5,4,50.0,-0.22851736843585968,0.3221110701560974,0.5506284236907959,11290.638671875,115.99693327199202
P16,T07,7,10,p16_ext_push020,prototype,50,0.00392156862745098,1.0,0.1,1.0,0.2,8,8,5,8,62.5,7,87.5,-0.22851736843585968,0.37322551012039185,0.6017428636550903,4949.78564453125,116.18759882601444
P16,T07,7,10,p16_ext_push035,prototype,50,0.00392156862745098,1.0,0.1,1.0,0.35,8,8,2,8,25.0,5,62.5,-0.22851736843585968,0.4445142447948456,0.6730316281318665,1454.9359130859375,116.14697864704067
P16,T07,7,10,p16_ext_rho075_push025,prototype,50,0.00392156862745098,0.75,0.1,1.0,0.25,8,8,2,8,25.0,4,50.0,-0.22851736843585968,0.3955434560775757,0.6240608096122742,2448.0966796875,115.93983838899294
P16,T07,7,10,p16_ext_rho125_push025,prototype,50,0.00392156862745098,1.25,0.1,1.0,0.25,8,8,4,8,50.0,5,62.5,-0.22851736843585968,0.3973231613636017,0.6258405447006226,4063.3798828125,116.26050371897873
P16,T07,7,10,p16_ext_tau005_push025,prototype,50,0.00392156862745098,1.0,0.05,1.0,0.25,8,8,2,8,25.0,3,37.5,-0.22851736843585968,0.3421618640422821,0.570679247379303,83836.7890625,116.12334646499949
P16,T07,7,10,p16_ext_tau020_push025,prototype,50,0.00392156862745098,1.0,0.2,1.0,0.25,8,8,4,8,50.0,4,50.0,-0.22851736843585968,0.3979232609272003,0.6264406442642212,951.68310546875,116.57200871099485
P16,T07,7,10,p16_reserve_baseline,prototype,50,0.00392156862745098,1.0,0.1,1.0,1.0,8,8,0,8,0.0,2,25.0,-0.22851736843585968,0.6152166724205017,0.8437340259552002,51.22184371948242,116.11947807995602
P16,T07,7,10,p16_reserve_push025,prototype,50,0.00392156862745098,1.0,0.1,1.0,0.25,8,8,4,8,50.0,5,62.5,-0.22851736843585968,0.39802855253219604,0.6265459060668945,3273.84375,116.14475861797109
P16,T07,7,10,p16_reserve_push050,prototype,50,0.00392156862745098,1.0,0.1,1.0,0.5,8,8,4,8,50.0,7,87.5,-0.22851736843585968,0.5095324516296387,0.7380498051643372,449.2886047363281,115.99472191004315
P16,T07,7,10,p16_reserve_rho075_push050,prototype,50,0.00392156862745098,0.75,0.1,1.0,0.5,8,8,3,8,37.5,6,75.0,-0.22851736843585968,0.5091962814331055,0.737713634967804,337.94775390625,115.91336738795508
P16,T07,7,10,p16_reserve_rho125_push050,prototype,50,0.00392156862745098,1.25,0.1,1.0,0.5,8,8,3,8,37.5,6,75.0,-0.22851736843585968,0.5094212889671326,0.737938642501831,560.81982421875,115.90311489300802
P16,T08,8,1,multi_ext_rho025,multiclass_prototype,50,0.00392156862745098,0.25,0.1,1.0,1.0,8,8,2,8,25.0,2,25.0,-0.23367346823215485,0.3763783574104309,0.6100518107414246,12.941291809082031,124.20314729301026
P16,T08,8,1,multi_ext_rho050,multiclass_prototype,50,0.00392156862745098,0.5,0.1,1.0,1.0,8,8,2,8,25.0,2,25.0,-0.23367346823215485,0.38115012645721436,0.614823579788208,25.83917999267578,124.25174445699668
P16,T08,8,1,multi_ext_rho100,multiclass_prototype,50,0.00392156862745098,1.0,0.1,1.0,1.0,8,8,2,8,25.0,2,25.0,-0.23367346823215485,0.383270263671875,0.6169437170028687,51.69100570678711,123.96988249098649
P16,T08,8,1,multi_ext_tau020_rho050,multiclass_prototype,50,0.00392156862745098,0.5,0.2,1.0,1.0,8,8,2,8,25.0,2,25.0,-0.23367346823215485,0.37038150429725647,0.6040549874305725,68.38613891601562,124.25633705197833
P16,T08,8,1,p16_ext_push010,prototype,50,0.00392156862745098,1.0,0.1,1.0,0.1,8,8,2,8,25.0,2,25.0,-0.23367351293563843,0.2776803970336914,0.5113539099693298,5734.8046875,116.26681066903984
P16,T08,8,1,p16_ext_push020,prototype,50,0.00392156862745098,1.0,0.1,1.0,0.2,8,8,2,8,25.0,2,25.0,-0.23367351293563843,0.31783977150917053,0.5515133142471313,2521.6826171875,116.34968780603958
P16,T08,8,1,p16_ext_push035,prototype,50,0.00392156862745098,1.0,0.1,1.0,0.35,8,8,2,8,25.0,3,37.5,-0.23367351293563843,0.38272812962532043,0.6164016723632812,746.5485229492188,115.92502164200414
P16,T08,8,1,p16_ext_rho075_push025,prototype,50,0.00392156862745098,0.75,0.1,1.0,0.25,8,8,2,8,25.0,3,37.5,-0.23367351293563843,0.3410729169845581,0.5747464299201965,1257.390625,116.04014917602763
P16,T08,8,1,p16_ext_rho125_push025,prototype,50,0.00392156862745098,1.25,0.1,1.0,0.25,8,8,2,8,25.0,3,37.5,-0.23367351293563843,0.3403588831424713,0.5740324258804321,2098.405029296875,116.18891552102286
P16,T08,8,1,p16_ext_tau005_push025,prototype,50,0.00392156862745098,1.0,0.05,1.0,0.25,8,8,1,8,12.5,2,25.0,-0.23367351293563843,0.303622841835022,0.5372963547706604,42946.7109375,116.09003265196225
P16,T08,8,1,p16_ext_tau020_push025,prototype,50,0.00392156862745098,1.0,0.2,1.0,0.25,8,8,2,8,25.0,3,37.5,-0.23367351293563843,0.34166383743286133,0.5753373503684998,474.8030700683594,116.0568093219772
P16,T08,8,1,p16_reserve_baseline,prototype,50,0.00392156862745098,1.0,0.1,1.0,1.0,8,8,2,8,25.0,2,25.0,-0.23367351293563843,0.5566743016242981,0.7903478145599365,31.976486206054688,115.94932254200103
P16,T08,8,1,p16_reserve_push025,prototype,50,0.00392156862745098,1.0,0.1,1.0,0.25,8,8,2,8,25.0,3,37.5,-0.23367351293563843,0.3385366201400757,0.5722101330757141,1678.6640625,116.30470260302536
P16,T08,8,1,p16_reserve_push050,prototype,50,0.00392156862745098,1.0,0.1,1.0,0.5,8,8,3,8,37.5,4,50.0,-0.23367351293563843,0.4439159035682678,0.6775894165039062,237.4078369140625,116.0579052210087
P16,T08,8,1,p16_reserve_rho075_push050,prototype,50,0.00392156862745098,0.75,0.1,1.0,0.5,8,8,3,8,37.5,3,37.5,-0.23367351293563843,0.44124636054039,0.674919843673706,178.02728271484375,116.02365739195375
P16,T08,8,1,p16_reserve_rho125_push050,prototype,50,0.00392156862745098,1.25,0.1,1.0,0.5,8,8,4,8,50.0,4,50.0,-0.23367351293563843,0.44527724385261536,0.6789507865905762,296.9936828613281,116.27348224102752
P16,T09,9,2,multi_ext_rho025,multiclass_prototype,50,0.00392156862745098,0.25,0.1,1.0,1.0,8,8,2,8,25.0,2,25.0,-0.1772078424692154,0.4097369909286499,0.5869448184967041,12.526806831359863,123.99043924798025
P16,T09,9,2,multi_ext_rho050,multiclass_prototype,50,0.00392156862745098,0.5,0.1,1.0,1.0,8,8,3,8,37.5,3,37.5,-0.1772078424692154,0.4159943461418152,0.5932021737098694,25.095884323120117,123.90027754701441
P16,T09,9,2,multi_ext_rho100,multiclass_prototype,50,0.00392156862745098,1.0,0.1,1.0,1.0,8,8,2,8,25.0,2,25.0,-0.1772078424692154,0.4172552525997162,0.5944631099700928,50.091651916503906,123.935559012054
P16,T09,9,2,multi_ext_tau020_rho050,multiclass_prototype,50,0.00392156862745098,0.5,0.2,1.0,1.0,8,8,2,8,25.0,2,25.0,-0.1772078424692154,0.40686869621276855,0.5840765237808228,54.691490173339844,123.78212803602219
P16,T09,9,2,p16_ext_push010,prototype,50,0.00392156862745098,1.0,0.1,1.0,0.1,8,8,3,8,37.5,3,37.5,-0.17720775306224823,0.2638627290725708,0.4410704970359802,6846.5478515625,115.74048985203262
P16,T09,9,2,p16_ext_push020,prototype,50,0.00392156862745098,1.0,0.1,1.0,0.2,8,8,3,8,37.5,3,37.5,-0.17720775306224823,0.3061527907848358,0.48336052894592285,3219.9794921875,115.95903307199478
P16,T09,9,2,p16_ext_push035,prototype,50,0.00392156862745098,1.0,0.1,1.0,0.35,8,8,3,8,37.5,3,37.5,-0.17720775306224823,0.3714810609817505,0.5486888289451599,1039.2744140625,115.92406134097837
P16,T09,9,2,p16_ext_rho075_push025,prototype,50,0.00392156862745098,0.75,0.1,1.0,0.25,8,8,3,8,37.5,3,37.5,-0.17720775306224823,0.32754331827163696,0.5047510862350464,1660.71728515625,115.86788579297718
P16,T09,9,2,p16_ext_rho125_push025,prototype,50,0.00392156862745098,1.25,0.1,1.0,0.25,8,8,3,8,37.5,4,50.0,-0.17720775306224823,0.32866576313972473,0.5058735013008118,2766.425048828125,115.92745258298237
P16,T09,9,2,p16_ext_tau005_push025,prototype,50,0.00392156862745098,1.0,0.05,1.0,0.25,8,8,3,8,37.5,3,37.5,-0.17720775306224823,0.2932329475879669,0.47044068574905396,70231.34375,116.24697139702039
P16,T09,9,2,p16_ext_tau020_push025,prototype,50,0.00392156862745098,1.0,0.2,1.0,0.25,8,8,3,8,37.5,3,37.5,-0.17720775306224823,0.328327476978302,0.5055352449417114,579.5000610351562,116.07453064003494
P16,T09,9,2,p16_reserve_baseline,prototype,50,0.00392156862745098,1.0,0.1,1.0,1.0,8,8,3,8,37.5,4,50.0,-0.17720775306224823,0.5390090346336365,0.7162168025970459,35.390525817871094,116.00683626200771
P16,T09,9,2,p16_reserve_push025,prototype,50,0.00392156862745098,1.0,0.1,1.0,0.25,8,8,3,8,37.5,4,50.0,-0.17720775306224823,0.32854482531547546,0.5057525634765625,2210.809814453125,115.82006314501632
P16,T09,9,2,p16_reserve_push050,prototype,50,0.00392156862745098,1.0,0.1,1.0,0.5,8,8,3,8,37.5,4,50.0,-0.17720775306224823,0.4349517226219177,0.6121594905853271,343.7897644042969,116.20482455100864
P16,T09,9,2,p16_reserve_rho075_push050,prototype,50,0.00392156862745098,0.75,0.1,1.0,0.5,8,8,4,8,50.0,4,50.0,-0.17720775306224823,0.43204087018966675,0.6092486381530762,257.5899963378906,115.94795417698333
P16,T09,9,2,p16_reserve_rho125_push050,prototype,50,0.00392156862745098,1.25,0.1,1.0,0.5,8,8,3,8,37.5,3,37.5,-0.17720775306224823,0.4281477928161621,0.6053555607795715,430.2265625,116.02744164899923
P16,T10,10,3,multi_ext_rho025,multiclass_prototype,50,0.00392156862745098,0.25,0.1,1.0,1.0,8,8,0,8,0.0,1,12.5,-0.209605410695076,0.40561428666114807,0.6152197122573853,15.23169231414795,123.95707317598863
P16,T10,10,3,multi_ext_rho050,multiclass_prototype,50,0.00392156862745098,0.5,0.1,1.0,1.0,8,8,1,8,12.5,1,12.5,-0.209605410695076,0.41326427459716797,0.6228696703910828,30.361604690551758,124.18297642003745
P16,T10,10,3,multi_ext_rho100,multiclass_prototype,50,0.00392156862745098,1.0,0.1,1.0,1.0,8,8,1,8,12.5,1,12.5,-0.209605410695076,0.41497349739074707,0.6245788931846619,60.81252670288086,124.28039930399973
P16,T10,10,3,multi_ext_tau020_rho050,multiclass_prototype,50,0.00392156862745098,0.5,0.2,1.0,1.0,8,8,0,8,0.0,0,0.0,-0.209605410695076,0.4067942500114441,0.6163996458053589,62.57905197143555,124.45477750798455
P16,T10,10,3,p16_diag_best_small_steps,prototype,100,0.00196078431372549,1.0,0.1,1.0,0.25,8,8,0,8,0.0,1,12.5,-0.20960545539855957,0.3478930592536926,0.5574985146522522,3584.76513671875,270.9998685779865
P16,T10,10,3,p16_diag_best_standard,prototype,50,0.00392156862745098,1.0,0.1,1.0,0.25,7,8,0,8,0.0,1,12.5,-0.20960545539855957,0.3219117224216461,0.5315171480178833,3572.760009765625,151.40524334600195
P16,T10,10,3,p16_diag_lower_aux,prototype,50,0.00392156862745098,0.5,0.1,1.0,0.25,6,8,0,8,0.0,1,12.5,-0.20960545539855957,0.2966669797897339,0.5062724351882935,1789.7633056640625,149.58128412399674
P16,T10,10,3,p16_ext_push010,prototype,50,0.00392156862745098,1.0,0.1,1.0,0.1,6,8,0,8,0.0,1,12.5,-0.20960545539855957,0.2504578232765198,0.46006327867507935,11920.4072265625,116.63473220099695
P16,T10,10,3,p16_ext_push020,prototype,50,0.00392156862745098,1.0,0.1,1.0,0.2,8,8,0,8,0.0,1,12.5,-0.20960545539855957,0.3164645731449127,0.5260699987411499,5349.30419921875,116.07708135299617
P16,T10,10,3,p16_ext_push035,prototype,50,0.00392156862745098,1.0,0.1,1.0,0.35,8,8,0,8,0.0,1,12.5,-0.20960545539855957,0.3760978579521179,0.5857033133506775,1612.4625244140625,115.92367020598613
P16,T10,10,3,p16_ext_rho075_push025,prototype,50,0.00392156862745098,0.75,0.1,1.0,0.25,8,8,1,8,12.5,1,12.5,-0.20960545539855957,0.33624106645584106,0.5458465218544006,2678.488525390625,116.0603328429861
P16,T10,10,3,p16_ext_rho125_push025,prototype,50,0.00392156862745098,1.25,0.1,1.0,0.25,7,8,0,8,0.0,1,12.5,-0.20960545539855957,0.31112220883369446,0.5207276344299316,4496.01953125,116.42727672000183
P16,T10,10,3,p16_ext_tau005_push025,prototype,50,0.00392156862745098,1.0,0.05,1.0,0.25,7,8,1,8,12.5,1,12.5,-0.20960545539855957,0.26453495025634766,0.4741404056549072,146450.625,116.14682976796757
P16,T10,10,3,p16_ext_tau020_push025,prototype,50,0.00392156862745098,1.0,0.2,1.0,0.25,8,8,0,8,0.0,1,12.5,-0.20960545539855957,0.34219783544540405,0.5518032908439636,845.173583984375,115.99193048500456
P16,T10,10,3,p16_layer11_standard,prototype,50,0.00392156862745098,1.0,0.1,1.0,0.25,7,8,1,8,12.5,2,25.0,-0.22055406868457794,0.363536536693573,0.5840905904769897,6220.92578125,113.87334103597095
P16,T10,10,3,p16_layer17_gate_small,prototype,100,0.00196078431372549,1.0,0.1,1.0,0.25,8,8,1,8,12.5,1,12.5,-0.20960545539855957,0.28995004296302795,0.4995554983615875,3596.815673828125,144.66503615304828
P16,T10,10,3,p16_layer17_gate_standard,prototype,50,0.00392156862745098,1.0,0.1,1.0,0.25,7,8,1,8,12.5,1,12.5,-0.20960545539855957,0.305332213640213,0.5149376392364502,3599.707275390625,116.06868820899399
P16,T10,10,3,p16_layer23_standard,prototype,50,0.00392156862745098,1.0,0.1,1.0,0.25,7,8,0,8,0.0,1,12.5,-0.053253717720508575,0.08489176630973816,0.13814547657966614,99113.8984375,119.10249641898554
P16,T10,10,3,p16_reserve_baseline,prototype,50,0.00392156862745098,1.0,0.1,1.0,1.0,8,8,0,8,0.0,1,12.5,-0.20960545539855957,0.5299990177154541,0.7396044731140137,56.590110778808594,116.03283202799503
P16,T10,10,3,p16_reserve_push025,prototype,50,0.00392156862745098,1.0,0.1,1.0,0.25,8,8,1,8,12.5,1,12.5,-0.20960545539855957,0.3385331630706787,0.5481386184692383,3577.817626953125,115.99475788895506
P16,T10,10,3,p16_reserve_push050,prototype,50,0.00392156862745098,1.0,0.1,1.0,0.5,8,8,0,8,0.0,1,12.5,-0.20960545539855957,0.40679752826690674,0.6164029836654663,506.3734130859375,116.11092194198864
P16,T10,10,3,p16_reserve_rho075_push050,prototype,50,0.00392156862745098,0.75,0.1,1.0,0.5,8,8,0,8,0.0,1,12.5,-0.20960545539855957,0.416806697845459,0.6264121532440186,381.3035583496094,115.97481968801003
P16,T10,10,3,p16_reserve_rho125_push050,prototype,50,0.00392156862745098,1.25,0.1,1.0,0.5,8,8,0,8,0.0,1,12.5,-0.20960545539855957,0.4269217848777771,0.6365272402763367,630.3739013671875,116.34208512702025
P19,T04,4,7,multi_ext_rho025,multiclass_prototype,50,0.00392156862745098,0.25,0.1,1.0,1.0,8,8,3,8,37.5,3,37.5,-0.016878560185432434,0.07246855646371841,0.08934711664915085,573.089111328125,626.1307274260325
P19,T04,4,7,multi_ext_rho050,multiclass_prototype,50,0.00392156862745098,0.5,0.1,1.0,1.0,8,8,3,8,37.5,3,37.5,-0.016878560185432434,0.07359478622674942,0.09047334641218185,1162.353759765625,619.360484224977
P19,T04,4,7,multi_ext_rho100,multiclass_prototype,50,0.00392156862745098,1.0,0.1,1.0,1.0,8,8,3,8,37.5,3,37.5,-0.016878560185432434,0.07341066002845764,0.09028922021389008,2286.987060546875,620.9315858400078
P19,T04,4,7,multi_ext_tau020_rho050,multiclass_prototype,50,0.00392156862745098,0.5,0.2,1.0,1.0,8,8,3,8,37.5,3,37.5,-0.016878560185432434,0.07310743629932404,0.08998599648475647,2346.1708984375,628.3097399290418
P19,T04,4,7,p19_ext_baseline,prototype,50,0.00392156862745098,0.5,0.1,1.0,1.0,8,8,5,8,62.5,6,75.0,-0.015734590590000153,0.10398637503385544,0.11972096562385559,1047.3214111328125,591.4862758659874
P19,T04,4,7,p19_ext_push050,prototype,50,0.00392156862745098,0.5,0.1,1.0,0.5,8,8,6,8,75.0,7,87.5,-0.015734590590000153,0.04435092210769653,0.060085512697696686,54321.4453125,585.7896656639641
P19,T04,4,7,p19_ext_push075,prototype,50,0.00392156862745098,0.5,0.1,1.0,0.75,8,8,4,8,50.0,5,62.5,-0.015734590590000153,0.07304256409406662,0.08877715468406677,5789.1748046875,584.8372618340072
P19,T04,4,7,p19_ext_push125,prototype,50,0.00392156862745098,0.5,0.1,1.0,1.25,8,8,2,8,25.0,4,50.0,-0.015734590590000153,0.0758303627371788,0.09156495332717896,590.3236083984375,586.1601964790025
P19,T04,4,7,p19_ext_push150,prototype,50,0.00392156862745098,0.5,0.1,1.0,1.5,7,8,1,8,12.5,2,25.0,-0.015734590590000153,0.047012872993946075,0.06274746358394623,505.2711486816406,586.7235256570275
P19,T04,4,7,p19_ext_rho035,prototype,50,0.00392156862745098,0.35,0.1,1.0,1.0,8,8,5,8,62.5,6,75.0,-0.015734590590000153,0.10234759747982025,0.1180821880698204,731.8836059570312,587.5361898880219
P19,T04,4,7,p19_ext_rho065,prototype,50,0.00392156862745098,0.65,0.1,1.0,1.0,8,8,5,8,62.5,5,62.5,-0.015734590590000153,0.10472948849201202,0.12046407908201218,1368.137939453125,588.2068847669871
P19,T10,10,3,multi_ext_rho025,multiclass_prototype,50,0.00392156862745098,0.25,0.1,1.0,1.0,8,8,1,8,12.5,1,12.5,-0.026683926582336426,0.11898311227560043,0.14566704630851746,224.183837890625,624.2034345059656
P19,T10,10,3,multi_ext_rho050,multiclass_prototype,50,0.00392156862745098,0.5,0.1,1.0,1.0,8,8,0,8,0.0,1,12.5,-0.026683926582336426,0.12274704873561859,0.14943097531795502,451.166015625,620.8282993200119
P19,T10,10,3,multi_ext_rho100,multiclass_prototype,50,0.00392156862745098,1.0,0.1,1.0,1.0,8,8,0,8,0.0,2,25.0,-0.026683926582336426,0.1231473907828331,0.14983132481575012,898.111328125,625.1740424510208
P19,T10,10,3,multi_ext_tau020_rho050,multiclass_prototype,50,0.00392156862745098,0.5,0.2,1.0,1.0,8,8,1,8,12.5,2,25.0,-0.026683926582336426,0.12218163162469864,0.14886555075645447,904.1370849609375,628.8115082090371
P19,T10,10,3,p19_diag_best_small_steps,prototype,100,0.00196078431372549,0.5,0.1,1.0,0.5,8,8,2,8,25.0,2,25.0,-0.02668382227420807,0.07045510411262512,0.09713892638683319,32329.634765625,1344.3563047139905
P19,T10,10,3,p19_diag_best_standard,prototype,50,0.00392156862745098,0.5,0.1,1.0,0.5,8,8,1,8,12.5,1,12.5,-0.02668382227420807,0.06693586707115173,0.0936196893453598,32368.185546875,756.9634996969835
P19,T10,10,3,p19_diag_weaker_push,prototype,50,0.00392156862745098,0.5,0.1,1.0,0.25,8,8,1,8,12.5,1,12.5,-0.02668382227420807,0.040728725492954254,0.06741254776716232,350353.4375,749.7318497159868
P19,T10,10,3,p19_ext_baseline,prototype,50,0.00392156862745098,0.5,0.1,1.0,1.0,8,8,0,8,0.0,2,25.0,-0.02668382227420807,0.15505877137184143,0.1817425936460495,554.6265258789062,583.912974396022
P19,T10,10,3,p19_ext_push050,prototype,50,0.00392156862745098,0.5,0.1,1.0,0.5,8,8,1,8,12.5,2,25.0,-0.02668382227420807,0.06705846637487411,0.09374228864908218,32325.603515625,583.5985963839921
P19,T10,10,3,p19_ext_push075,prototype,50,0.00392156862745098,0.5,0.1,1.0,0.75,8,8,1,8,12.5,2,25.0,-0.02668382227420807,0.11495134234428406,0.14163516461849213,3159.12744140625,584.1270749069517
P19,T10,10,3,p19_ext_push125,prototype,50,0.00392156862745098,0.5,0.1,1.0,1.25,8,8,0,8,0.0,2,25.0,-0.02668382227420807,0.14359614253044128,0.17027996480464935,319.1367492675781,586.912475435005
P19,T10,10,3,p19_ext_push150,prototype,50,0.00392156862745098,0.5,0.1,1.0,1.5,8,8,0,8,0.0,1,12.5,-0.02668382227420807,0.11908647418022156,0.14577029645442963,280.3349914550781,586.8585443490301
P19,T10,10,3,p19_ext_rho035,prototype,50,0.00392156862745098,0.35,0.1,1.0,1.0,8,8,1,8,12.5,2,25.0,-0.02668382227420807,0.1527053713798523,0.17938919365406036,388.57373046875,586.2583301569684
P19,T10,10,3,p19_ext_rho065,prototype,50,0.00392156862745098,0.65,0.1,1.0,1.0,8,8,0,8,0.0,2,25.0,-0.02668382227420807,0.1564711183309555,0.18315494060516357,719.3142700195312,592.5726612880244
P19,T10,10,3,p19_layer11_standard,prototype,50,0.00392156862745098,0.5,0.1,1.0,0.5,8,8,2,8,25.0,2,25.0,-0.002472981810569763,0.007078535854816437,0.0095515176653862,397606.96875,570.8753681870294
P19,T10,10,3,p19_layer15_gate_small,prototype,100,0.00196078431372549,0.5,0.1,1.0,0.5,8,8,1,8,12.5,1,12.5,-0.02668382227420807,0.014934360980987549,0.04161818325519562,32158.990234375,312.38888782903086
P19,T10,10,3,p19_layer15_small_seed43,prototype,100,0.00196078431372549,0.5,0.1,1.0,0.5,8,8,1,8,12.5,1,12.5,-0.02668382227420807,0.07023508846759796,0.09691891074180603,29835.712890625,1147.196319048002
P19,T10,10,3,p19_layer15_small_seed44,prototype,100,0.00196078431372549,0.5,0.1,1.0,0.5,8,8,1,8,12.5,1,12.5,-0.02668382227420807,0.06995731592178345,0.09664113819599152,58905.265625,1140.7869113999768
P19,T10,10,3,p19_layer7_standard,prototype,50,0.00392156862745098,0.5,0.1,1.0,0.5,8,8,0,8,0.0,0,0.0,-0.001141563057899475,0.003284245729446411,0.004425808787345886,722585.0625,554.6193114639609
