scope,metric,outcome,cell_count,spearman,permutation_p
P16,target_clean_source_target_margin,tasr_percent,10,0.6707441766510146,0.03882961170388296
P19,target_clean_source_target_margin,tasr_percent,10,0.6565379871744698,0.04518954810451895
P14,target_clean_source_target_margin,tasr_percent,10,0.296969696969697,0.4070259297407026
within_pair_stratified,target_clean_source_target_margin,tasr_percent,30,0.5410359338752575,0.003749962500374996
P16,target_clean_source_target_margin,asr_percent,10,0.5460533760344655,0.10892891071089289
P19,target_clean_source_target_margin,asr_percent,10,0.5045616012544536,0.14012859871401287
P14,target_clean_source_target_margin,asr_percent,10,-0.012158110873601292,0.980720192798072
within_pair_stratified,target_clean_source_target_margin,asr_percent,30,0.3455348788808257,0.07400925990740093
P16,target_clean_source_target_margin,conditional_tasr_percent,10,0.6707441766510146,0.03882961170388296
P19,target_clean_source_target_margin,conditional_tasr_percent,10,0.6565379871744698,0.04518954810451895
P14,target_clean_source_target_margin,conditional_tasr_percent,10,0.2727272727272727,0.45015549844501557
within_pair_stratified,target_clean_source_target_margin,conditional_tasr_percent,30,0.53293052662619,0.004249957500424996
P16,target_clean_source_target_margin,semantic_gap_gain,10,-0.22424242424242424,0.5384646153538465
P19,target_clean_source_target_margin,semantic_gap_gain,10,-0.5757575757575758,0.08729912700872991
P14,target_clean_source_target_margin,semantic_gap_gain,10,0.3212121212121212,0.3699263007369926
within_pair_stratified,target_clean_source_target_margin,semantic_gap_gain,30,-0.1595959595959596,0.41952580474195256
P16,target_adversarial_source_target_margin,tasr_percent,10,0.9451395216446115,0.00012999870001299986
P19,target_adversarial_source_target_margin,tasr_percent,10,0.9969650916353059,1.999980000199998e-05
P14,target_adversarial_source_target_margin,tasr_percent,10,0.9757575757575757,3.999960000399996e-05
within_pair_stratified,target_adversarial_source_target_margin,tasr_percent,30,0.9726488698881034,9.99990000099999e-06
P16,target_adversarial_source_target_margin,asr_percent,10,0.9141792475183748,0.0006699933000669994
P19,target_adversarial_source_target_margin,asr_percent,10,0.9361745372672994,0.00023999760002399976
P14,target_adversarial_source_target_margin,asr_percent,10,0.9118583155200969,0.0006399936000639994
within_pair_stratified,target_adversarial_source_target_margin,asr_percent,30,0.9207488243118472,9.99990000099999e-06
P16,target_adversarial_source_target_margin,conditional_tasr_percent,10,0.9451395216446115,0.00012999870001299986
P19,target_adversarial_source_target_margin,conditional_tasr_percent,10,0.9969650916353059,1.999980000199998e-05
P14,target_adversarial_source_target_margin,conditional_tasr_percent,10,0.9636363636363636,5.999940000599994e-05
within_pair_stratified,target_adversarial_source_target_margin,conditional_tasr_percent,30,0.9685961662635696,9.99990000099999e-06
P16,target_adversarial_source_target_margin,semantic_gap_gain,10,-0.030303030303030304,0.9460205397946021
P19,target_adversarial_source_target_margin,semantic_gap_gain,10,-0.8424242424242424,0.0036299637003629963
P14,target_adversarial_source_target_margin,semantic_gap_gain,10,-0.40606060606060607,0.24775752242477575
within_pair_stratified,target_adversarial_source_target_margin,semantic_gap_gain,30,-0.4262626262626263,0.025699743002569973
P16,target_source_target_margin_change,tasr_percent,10,0.8475767323135548,0.0031999680003199967
P19,target_source_target_margin_change,tasr_percent,10,0.8693049274624923,0.001939980600193998
P14,target_source_target_margin_change,tasr_percent,10,0.9393939393939394,0.00021999780002199978
within_pair_stratified,target_source_target_margin_change,tasr_percent,30,0.8855157419606274,9.99990000099999e-06
P16,target_source_target_margin_change,asr_percent,10,0.8773666603699838,0.002119978800211998
P19,target_source_target_margin_change,asr_percent,10,0.9483326481409007,0.0001799982000179998
P14,target_source_target_margin_change,asr_percent,10,0.9240164263936981,0.0004699953000469995
within_pair_stratified,target_source_target_margin_change,asr_percent,30,0.9166837080897199,9.99990000099999e-06
P16,target_source_target_margin_change,conditional_tasr_percent,10,0.8475767323135548,0.0031999680003199967
P19,target_source_target_margin_change,conditional_tasr_percent,10,0.8693049274624923,0.001939980600193998
P14,target_source_target_margin_change,conditional_tasr_percent,10,0.9272727272727272,0.0003699963000369996
within_pair_stratified,target_source_target_margin_change,conditional_tasr_percent,30,0.8814630383360936,9.99990000099999e-06
P16,target_source_target_margin_change,semantic_gap_gain,10,0.23636363636363636,0.5123048769512305
P19,target_source_target_margin_change,semantic_gap_gain,10,-0.7454545454545455,0.017329826701732984
P14,target_source_target_margin_change,semantic_gap_gain,10,-0.41818181818181815,0.23304766952330477
within_pair_stratified,target_source_target_margin_change,semantic_gap_gain,30,-0.3090909090909091,0.11252887471125289
P16,target_clean_robust_margin,tasr_percent,10,0.6707441766510146,0.03882961170388296
P19,target_clean_robust_margin,tasr_percent,10,0.6565379871744698,0.04518954810451895
P14,target_clean_robust_margin,tasr_percent,10,0.296969696969697,0.4070259297407026
within_pair_stratified,target_clean_robust_margin,tasr_percent,30,0.5410359338752575,0.003749962500374996
P16,target_clean_robust_margin,asr_percent,10,0.5460533760344655,0.10892891071089289
P19,target_clean_robust_margin,asr_percent,10,0.5045616012544536,0.14012859871401287
P14,target_clean_robust_margin,asr_percent,10,-0.012158110873601292,0.980720192798072
within_pair_stratified,target_clean_robust_margin,asr_percent,30,0.3455348788808257,0.07400925990740093
P16,target_clean_robust_margin,conditional_tasr_percent,10,0.6707441766510146,0.03882961170388296
P19,target_clean_robust_margin,conditional_tasr_percent,10,0.6565379871744698,0.04518954810451895
P14,target_clean_robust_margin,conditional_tasr_percent,10,0.2727272727272727,0.45015549844501557
within_pair_stratified,target_clean_robust_margin,conditional_tasr_percent,30,0.53293052662619,0.004249957500424996
P16,target_clean_robust_margin,semantic_gap_gain,10,-0.22424242424242424,0.5384646153538465
P19,target_clean_robust_margin,semantic_gap_gain,10,-0.5757575757575758,0.08729912700872991
P14,target_clean_robust_margin,semantic_gap_gain,10,0.3212121212121212,0.3699263007369926
within_pair_stratified,target_clean_robust_margin,semantic_gap_gain,30,-0.1595959595959596,0.41952580474195256
P16,target_adversarial_robust_margin,tasr_percent,10,0.9451395216446115,0.00010999890001099989
P19,target_adversarial_robust_margin,tasr_percent,10,0.9969650916353059,1.999980000199998e-05
P14,target_adversarial_robust_margin,tasr_percent,10,1.0,1.999980000199998e-05
within_pair_stratified,target_adversarial_robust_margin,tasr_percent,30,0.9807542771371709,9.99990000099999e-06
P16,target_adversarial_robust_margin,asr_percent,10,0.8773666603699838,0.0016799832001679984
P19,target_adversarial_robust_margin,asr_percent,10,0.9361745372672994,0.00023999760002399976
P14,target_adversarial_robust_margin,asr_percent,10,0.8875420937728943,0.0012499875001249989
within_pair_stratified,target_adversarial_robust_margin,asr_percent,30,0.9004232432012105,9.99990000099999e-06
P16,target_adversarial_robust_margin,conditional_tasr_percent,10,0.9451395216446115,0.00010999890001099989
P19,target_adversarial_robust_margin,conditional_tasr_percent,10,0.9969650916353059,1.999980000199998e-05
P14,target_adversarial_robust_margin,conditional_tasr_percent,10,0.9878787878787879,2.999970000299997e-05
within_pair_stratified,target_adversarial_robust_margin,conditional_tasr_percent,30,0.9767015735126371,9.99990000099999e-06
P16,target_adversarial_robust_margin,semantic_gap_gain,10,-0.05454545454545454,0.8915710842891571
P19,target_adversarial_robust_margin,semantic_gap_gain,10,-0.8424242424242424,0.0036299637003629963
P14,target_adversarial_robust_margin,semantic_gap_gain,10,-0.40606060606060607,0.24694753052469476
within_pair_stratified,target_adversarial_robust_margin,semantic_gap_gain,30,-0.43434343434343436,0.022949770502294978
P16,target_robust_margin_change,tasr_percent,10,0.871967429646319,0.0018899811001889982
P19,target_robust_margin_change,tasr_percent,10,0.8024353176576852,0.007499925000749992
P14,target_robust_margin_change,tasr_percent,10,0.9878787878787879,2.999970000299997e-05
within_pair_stratified,target_robust_margin_change,tasr_percent,30,0.8875420937728943,9.99990000099999e-06
P16,target_robust_margin_change,asr_percent,10,0.8773666603699838,0.001979980200197998
P19,target_robust_margin_change,asr_percent,10,0.9179373709568974,0.0004999950000499995
P14,target_robust_margin_change,asr_percent,10,0.9240164263936981,0.00037999620003799963
within_pair_stratified,target_robust_margin_change,asr_percent,30,0.9065209175344016,9.99990000099999e-06
P16,target_robust_margin_change,conditional_tasr_percent,10,0.871967429646319,0.0018899811001889982
P19,target_robust_margin_change,conditional_tasr_percent,10,0.8024353176576852,0.007499925000749992
P14,target_robust_margin_change,conditional_tasr_percent,10,0.9757575757575757,3.999960000399996e-05
within_pair_stratified,target_robust_margin_change,conditional_tasr_percent,30,0.8834893901483606,9.99990000099999e-06
P16,target_robust_margin_change,semantic_gap_gain,10,0.18787878787878787,0.6071039289607104
P19,target_robust_margin_change,semantic_gap_gain,10,-0.6727272727272727,0.038959610403895964
P14,target_robust_margin_change,semantic_gap_gain,10,-0.38181818181818183,0.2776772232277677
within_pair_stratified,target_robust_margin_change,semantic_gap_gain,30,-0.28888888888888886,0.13897861021389787
P16,target_clean_target_probability,tasr_percent,10,0.40244650599060877,0.24827751722482774
P19,target_clean_target_probability,tasr_percent,10,0.480245379507251,0.16309836901630984
P14,target_clean_target_probability,tasr_percent,10,0.6,0.07418925810741893
within_pair_stratified,target_clean_target_probability,tasr_percent,30,0.4944298421931192,0.008519914800851992
P16,target_clean_target_probability,asr_percent,10,0.23928181646454105,0.5075349246507534
P19,target_clean_target_probability,asr_percent,10,0.480245379507251,0.16377836221637784
P14,target_clean_target_probability,asr_percent,10,0.4924034903808523,0.15027849721502784
within_pair_stratified,target_clean_target_probability,asr_percent,30,0.40447906410167245,0.03459965400345996
P16,target_clean_target_probability,conditional_tasr_percent,10,0.40244650599060877,0.24827751722482774
P19,target_clean_target_probability,conditional_tasr_percent,10,0.480245379507251,0.16309836901630984
P14,target_clean_target_probability,conditional_tasr_percent,10,0.5878787878787879,0.08076919230807691
within_pair_stratified,target_clean_target_probability,conditional_tasr_percent,30,0.49037713856858545,0.008979910200897992
P16,target_clean_target_probability,semantic_gap_gain,10,-0.17575757575757575,0.6342036579634204
P19,target_clean_target_probability,semantic_gap_gain,10,-0.40606060606060607,0.24790752092479076
P14,target_clean_target_probability,semantic_gap_gain,10,-0.2727272727272727,0.45196548034519657
within_pair_stratified,target_clean_target_probability,semantic_gap_gain,30,-0.28484848484848485,0.14367856321436787
P16,target_adversarial_target_probability,tasr_percent,10,0.9939209163101398,1.999980000199998e-05
P19,target_adversarial_target_probability,tasr_percent,10,0.9969650916353059,1.999980000199998e-05
P14,target_adversarial_target_probability,tasr_percent,10,1.0,1.999980000199998e-05
within_pair_stratified,target_adversarial_target_probability,tasr_percent,30,0.9969650916353059,9.99990000099999e-06
P16,target_adversarial_target_probability,asr_percent,10,0.9509918346667657,0.00012999870001299986
P19,target_adversarial_target_probability,asr_percent,10,0.8936211492096949,0.0008899911000889991
P14,target_adversarial_target_probability,asr_percent,10,0.8875420937728943,0.0012499875001249989
within_pair_stratified,target_adversarial_target_probability,asr_percent,30,0.9105860337565289,9.99990000099999e-06
P16,target_adversarial_target_probability,conditional_tasr_percent,10,0.9939209163101398,1.999980000199998e-05
P19,target_adversarial_target_probability,conditional_tasr_percent,10,0.9969650916353059,1.999980000199998e-05
P14,target_adversarial_target_probability,conditional_tasr_percent,10,0.9878787878787879,2.999970000299997e-05
within_pair_stratified,target_adversarial_target_probability,conditional_tasr_percent,30,0.9929123880107722,9.99990000099999e-06
P16,target_adversarial_target_probability,semantic_gap_gain,10,0.11515151515151516,0.7599924000759992
P19,target_adversarial_target_probability,semantic_gap_gain,10,-0.8545454545454545,0.0027099729002709972
P14,target_adversarial_target_probability,semantic_gap_gain,10,-0.40606060606060607,0.24694753052469476
within_pair_stratified,target_adversarial_target_probability,semantic_gap_gain,30,-0.38181818181818183,0.047759522404775955
P16,target_target_probability_change,tasr_percent,10,0.9939209163101398,1.999980000199998e-05
P19,target_target_probability_change,tasr_percent,10,0.9969650916353059,1.999980000199998e-05
P14,target_target_probability_change,tasr_percent,10,1.0,1.999980000199998e-05
within_pair_stratified,target_target_probability_change,tasr_percent,30,0.9969650916353059,9.99990000099999e-06
P16,target_target_probability_change,asr_percent,10,0.9509918346667657,0.00012999870001299986
P19,target_target_probability_change,asr_percent,10,0.8936211492096949,0.0008899911000889991
P14,target_target_probability_change,asr_percent,10,0.8875420937728943,0.0012499875001249989
within_pair_stratified,target_target_probability_change,asr_percent,30,0.9105860337565289,9.99990000099999e-06
P16,target_target_probability_change,conditional_tasr_percent,10,0.9939209163101398,1.999980000199998e-05
P19,target_target_probability_change,conditional_tasr_percent,10,0.9969650916353059,1.999980000199998e-05
P14,target_target_probability_change,conditional_tasr_percent,10,0.9878787878787879,2.999970000299997e-05
within_pair_stratified,target_target_probability_change,conditional_tasr_percent,30,0.9929123880107722,9.99990000099999e-06
P16,target_target_probability_change,semantic_gap_gain,10,0.1393939393939394,0.7069829301706982
P19,target_target_probability_change,semantic_gap_gain,10,-0.8545454545454545,0.0027099729002709972
P14,target_target_probability_change,semantic_gap_gain,10,-0.40606060606060607,0.24694753052469476
within_pair_stratified,target_target_probability_change,semantic_gap_gain,30,-0.37373737373737376,0.05283947160528395
P16,target_clean_target_rank,tasr_percent,10,-0.07926976633148354,0.8318116818831812
P19,target_clean_target_rank,tasr_percent,10,0.3465061598976368,0.32365676343236566
P14,target_clean_target_rank,tasr_percent,10,0.3090909090909091,0.38624613753862463
within_pair_stratified,target_clean_target_rank,tasr_percent,30,0.1925034221653538,0.32713672863271365
P16,target_clean_target_rank,asr_percent,10,-0.17792750455055617,0.6250537494625054
P19,target_clean_target_rank,asr_percent,10,0.5531940447488587,0.1011589884101159
P14,target_clean_target_rank,asr_percent,10,0.5714312110592606,0.0891991080089199
within_pair_stratified,target_clean_target_rank,asr_percent,30,0.31707906532593416,0.1000789992100079
P16,target_clean_target_rank,conditional_tasr_percent,10,-0.07926976633148354,0.8318116818831812
P19,target_clean_target_rank,conditional_tasr_percent,10,0.3465061598976368,0.32365676343236566
P14,target_clean_target_rank,conditional_tasr_percent,10,0.3575757575757576,0.3119068809311907
within_pair_stratified,target_clean_target_rank,conditional_tasr_percent,30,0.20871423666348884,0.2874871251287487
P16,target_clean_target_rank,semantic_gap_gain,10,-0.06666666666666667,0.8650113498865011
P19,target_clean_target_rank,semantic_gap_gain,10,-0.3696969696969697,0.29632703672963273
P14,target_clean_target_rank,semantic_gap_gain,10,-0.24848484848484848,0.4930950690493095
within_pair_stratified,target_clean_target_rank,semantic_gap_gain,30,-0.22828282828282828,0.24527754722452774
P16,target_adversarial_target_rank,tasr_percent,10,-0.8536744066467459,0.0024499755002449974
P19,target_adversarial_target_rank,tasr_percent,10,-0.9420731707317073,0.00016999830001699983
P14,target_adversarial_target_rank,tasr_percent,10,-0.9151515151515152,0.0006399936000639994
within_pair_stratified,target_adversarial_target_rank,tasr_percent,30,-0.9036529746139752,9.99990000099999e-06
P16,target_adversarial_target_rank,asr_percent,10,-0.7669288989248111,0.012929870701292987
P19,target_adversarial_target_rank,asr_percent,10,-0.948170731707317,0.00013999860001399987
P14,target_adversarial_target_rank,asr_percent,10,-0.7294866524160775,0.02112978870211298
within_pair_stratified,target_adversarial_target_rank,asr_percent,30,-0.8148630335787769,9.99990000099999e-06
P16,target_adversarial_target_rank,conditional_tasr_percent,10,-0.8536744066467459,0.0024499755002449974
P19,target_adversarial_target_rank,conditional_tasr_percent,10,-0.9420731707317073,0.00016999830001699983
P14,target_adversarial_target_rank,conditional_tasr_percent,10,-0.8909090909090909,0.0013299867001329987
within_pair_stratified,target_adversarial_target_rank,conditional_tasr_percent,30,-0.8955393676589676,9.99990000099999e-06
P16,target_adversarial_target_rank,semantic_gap_gain,10,0.2727272727272727,0.44897551024489757
P19,target_adversarial_target_rank,semantic_gap_gain,10,0.7598819296000807,0.013699863001369987
P14,target_adversarial_target_rank,semantic_gap_gain,10,0.40606060606060607,0.24890751092489075
within_pair_stratified,target_adversarial_target_rank,semantic_gap_gain,30,0.47927223690747844,0.010969890301096989
P16,target_target_rank_change,tasr_percent,10,-0.5688099992112948,0.08833911660883391
P19,target_target_rank_change,tasr_percent,10,-0.6869332643584729,0.03221967780322197
P14,target_target_rank_change,tasr_percent,10,-0.7575757575757576,0.015079849201507985
within_pair_stratified,target_target_rank_change,tasr_percent,30,-0.6714009755268817,0.00013999860001399987
P16,target_target_rank_change,asr_percent,10,-0.41232525920182495,0.23535764642353577
P19,target_target_rank_change,asr_percent,10,-0.8510677611520904,0.002819971800281997
P14,target_target_rank_change,asr_percent,10,-0.8328305948416884,0.004339956600433996
within_pair_stratified,target_target_rank_change,asr_percent,30,-0.6999073247218458,6.999930000699993e-05
P16,target_target_rank_change,conditional_tasr_percent,10,-0.5688099992112948,0.08833911660883391
P19,target_target_rank_change,conditional_tasr_percent,10,-0.6869332643584729,0.03221967780322197
P14,target_target_rank_change,conditional_tasr_percent,10,-0.7696969696969697,0.012799872001279987
within_pair_stratified,target_target_rank_change,conditional_tasr_percent,30,-0.6754577790043855,0.00013999860001399987
P16,target_target_rank_change,semantic_gap_gain,10,-0.006079055436800646,0.9923000769992301
P19,target_target_rank_change,semantic_gap_gain,10,0.7090909090909091,0.026829731702682973
P14,target_target_rank_change,semantic_gap_gain,10,0.2606060606060606,0.47129528704712953
within_pair_stratified,target_target_rank_change,semantic_gap_gain,30,0.32153707033033363,0.09564904350956491
P16,target_clean_closedset_entropy,tasr_percent,10,0.5426930156540027,0.10818891811081889
P19,target_clean_closedset_entropy,tasr_percent,10,0.4924034903808523,0.15042849571504285
P14,target_clean_closedset_entropy,tasr_percent,10,0.6121212121212121,0.06748932510674893
within_pair_stratified,target_clean_closedset_entropy,tasr_percent,30,0.549141341124325,0.003079969200307997
P16,target_clean_closedset_entropy,asr_percent,10,0.37426130267530777,0.28977710222897773
P19,target_clean_closedset_entropy,asr_percent,10,0.40729671426564323,0.24222757772422276
P14,target_clean_closedset_entropy,asr_percent,10,0.5410359338752575,0.11169888301116988
within_pair_stratified,target_clean_closedset_entropy,asr_percent,30,0.44106511010081867,0.02020979790202098
P16,target_clean_closedset_entropy,conditional_tasr_percent,10,0.5426930156540027,0.10818891811081889
P19,target_clean_closedset_entropy,conditional_tasr_percent,10,0.4924034903808523,0.15042849571504285
P14,target_clean_closedset_entropy,conditional_tasr_percent,10,0.5636363636363636,0.0972490275097249
within_pair_stratified,target_clean_closedset_entropy,conditional_tasr_percent,30,0.53293052662619,0.0041399586004139954
P16,target_clean_closedset_entropy,semantic_gap_gain,10,-0.296969696969697,0.4053359466405336
P19,target_clean_closedset_entropy,semantic_gap_gain,10,-0.40606060606060607,0.24782752172478276
P14,target_clean_closedset_entropy,semantic_gap_gain,10,-0.09090909090909091,0.8137218627813722
within_pair_stratified,target_clean_closedset_entropy,semantic_gap_gain,30,-0.26464646464646463,0.17415825841741583
P16,target_adversarial_closedset_entropy,tasr_percent,10,0.6280604563186774,0.056469435305646944
P19,target_adversarial_closedset_entropy,tasr_percent,10,-0.5531940447488587,0.1020389796102039
P14,target_adversarial_closedset_entropy,tasr_percent,10,-0.5393939393939394,0.11341886581134189
within_pair_stratified,target_adversarial_closedset_entropy,tasr_percent,30,-0.15602908954454991,0.4265457345426546
P16,target_adversarial_closedset_entropy,asr_percent,10,0.828283210838796,0.004959950400495995
P19,target_adversarial_closedset_entropy,asr_percent,10,-0.41945482513924454,0.22798772012279878
P14,target_adversarial_closedset_entropy,asr_percent,10,-0.1580554413568168,0.6650833491665084
within_pair_stratified,target_adversarial_closedset_entropy,asr_percent,30,0.08130232444254722,0.6821931780682193
P16,target_adversarial_closedset_entropy,conditional_tasr_percent,10,0.6280604563186774,0.056469435305646944
P19,target_adversarial_closedset_entropy,conditional_tasr_percent,10,-0.5531940447488587,0.1020389796102039
P14,target_adversarial_closedset_entropy,conditional_tasr_percent,10,-0.45454545454545453,0.1914580854191458
within_pair_stratified,target_adversarial_closedset_entropy,conditional_tasr_percent,30,-0.12766016417281356,0.5182348176518234
P16,target_adversarial_closedset_entropy,semantic_gap_gain,10,0.01818181818181818,0.973410265897341
P19,target_adversarial_closedset_entropy,semantic_gap_gain,10,0.5151515151515151,0.13517864821351785
P14,target_adversarial_closedset_entropy,semantic_gap_gain,10,0.45454545454545453,0.1902880971190288
within_pair_stratified,target_adversarial_closedset_entropy,semantic_gap_gain,30,0.3292929292929293,0.0899491005089949
P16,target_closedset_entropy_change,tasr_percent,10,0.6280604563186774,0.056469435305646944
P19,target_closedset_entropy_change,tasr_percent,10,-0.5531940447488587,0.1020389796102039
P14,target_closedset_entropy_change,tasr_percent,10,-0.5393939393939394,0.11341886581134189
within_pair_stratified,target_closedset_entropy_change,tasr_percent,30,-0.15602908954454991,0.4265457345426546
P16,target_closedset_entropy_change,asr_percent,10,0.828283210838796,0.004959950400495995
P19,target_closedset_entropy_change,asr_percent,10,-0.41945482513924454,0.22798772012279878
P14,target_closedset_entropy_change,asr_percent,10,-0.1580554413568168,0.6650833491665084
within_pair_stratified,target_closedset_entropy_change,asr_percent,30,0.08130232444254722,0.6821931780682193
P16,target_closedset_entropy_change,conditional_tasr_percent,10,0.6280604563186774,0.056469435305646944
P19,target_closedset_entropy_change,conditional_tasr_percent,10,-0.5531940447488587,0.1020389796102039
P14,target_closedset_entropy_change,conditional_tasr_percent,10,-0.45454545454545453,0.1914580854191458
within_pair_stratified,target_closedset_entropy_change,conditional_tasr_percent,30,-0.12766016417281356,0.5182348176518234
P16,target_closedset_entropy_change,semantic_gap_gain,10,0.01818181818181818,0.973410265897341
P19,target_closedset_entropy_change,semantic_gap_gain,10,0.5151515151515151,0.13517864821351785
P14,target_closedset_entropy_change,semantic_gap_gain,10,0.45454545454545453,0.1902880971190288
within_pair_stratified,target_closedset_entropy_change,semantic_gap_gain,30,0.3292929292929293,0.0899491005089949
P16,target_mean_robust_gap_closure,tasr_percent,10,0.8963581269790831,0.0007599924000759993
P19,target_mean_robust_gap_closure,tasr_percent,10,0.9665698144513026,3.999960000399996e-05
P14,target_mean_robust_gap_closure,tasr_percent,10,0.9878787878787879,3.999960000399996e-05
within_pair_stratified,target_mean_robust_gap_closure,tasr_percent,30,0.9503589999531676,9.99990000099999e-06
P16,target_mean_robust_gap_closure,asr_percent,10,0.8160123484559989,0.006039939600603994
P19,target_mean_robust_gap_closure,asr_percent,10,0.9118583155200969,0.0006099939000609993
P14,target_mean_robust_gap_closure,asr_percent,10,0.8875420937728943,0.0012999870001299987
within_pair_stratified,target_mean_robust_gap_closure,asr_percent,30,0.8719674296463189,9.99990000099999e-06
P16,target_mean_robust_gap_closure,conditional_tasr_percent,10,0.8963581269790831,0.0007599924000759993
P19,target_mean_robust_gap_closure,conditional_tasr_percent,10,0.9665698144513026,3.999960000399996e-05
P14,target_mean_robust_gap_closure,conditional_tasr_percent,10,0.9636363636363636,0.00010999890001099989
within_pair_stratified,target_mean_robust_gap_closure,conditional_tasr_percent,30,0.9422535927041001,9.99990000099999e-06
P16,target_mean_robust_gap_closure,semantic_gap_gain,10,-0.23636363636363636,0.5118748812511875
P19,target_mean_robust_gap_closure,semantic_gap_gain,10,-0.8181818181818182,0.005889941100588994
P14,target_mean_robust_gap_closure,semantic_gap_gain,10,-0.41818181818181815,0.23198768012319876
within_pair_stratified,target_mean_robust_gap_closure,semantic_gap_gain,30,-0.4909090909090909,0.00965990340096599
P16,target_median_robust_gap_closure,tasr_percent,10,0.87806510397951,0.0016199838001619985
P19,target_median_robust_gap_closure,tasr_percent,10,0.9422535927041,0.00012999870001299986
P14,target_median_robust_gap_closure,tasr_percent,10,0.9515151515151515,0.00010999890001099989
within_pair_stratified,target_median_robust_gap_closure,tasr_percent,30,0.9240164263936982,9.99990000099999e-06
P16,target_median_robust_gap_closure,asr_percent,10,0.8896375227527809,0.0014199858001419986
P19,target_median_robust_gap_closure,asr_percent,10,0.8936211492096949,0.001059989400105999
P14,target_median_robust_gap_closure,asr_percent,10,0.7781190959104827,0.010889891101088988
within_pair_stratified,target_median_robust_gap_closure,asr_percent,30,0.8536744066467459,9.99990000099999e-06
P16,target_median_robust_gap_closure,conditional_tasr_percent,10,0.87806510397951,0.0016199838001619985
P19,target_median_robust_gap_closure,conditional_tasr_percent,10,0.9422535927041,0.00012999870001299986
P14,target_median_robust_gap_closure,conditional_tasr_percent,10,0.9030303030303031,0.000969990300096999
within_pair_stratified,target_median_robust_gap_closure,conditional_tasr_percent,30,0.9078056118955631,9.99990000099999e-06
P16,target_median_robust_gap_closure,semantic_gap_gain,10,0.07878787878787878,0.8388116118838812
P19,target_median_robust_gap_closure,semantic_gap_gain,10,-0.7696969696969697,0.012499875001249987
P14,target_median_robust_gap_closure,semantic_gap_gain,10,-0.3212121212121212,0.36676633233667666
within_pair_stratified,target_median_robust_gap_closure,semantic_gap_gain,30,-0.3373737373737374,0.08229917700822992
P16,target_mean_source_target_gap_closure,tasr_percent,10,0.9329441729782294,0.0002899971000289997
P19,target_mean_source_target_gap_closure,tasr_percent,10,0.9665698144513026,3.999960000399996e-05
P14,target_mean_source_target_gap_closure,tasr_percent,10,0.9636363636363636,6.999930000699993e-05
within_pair_stratified,target_mean_source_target_gap_closure,tasr_percent,30,0.9544117035777014,9.99990000099999e-06
P16,target_mean_source_target_gap_closure,asr_percent,10,0.8650957979871868,0.002179978200217998
P19,target_mean_source_target_gap_closure,asr_percent,10,0.9118583155200969,0.0006099939000609993
P14,target_mean_source_target_gap_closure,asr_percent,10,0.8145934285312865,0.006289937100628994
within_pair_stratified,target_mean_source_target_gap_closure,asr_percent,30,0.8638371972020642,9.99990000099999e-06
P16,target_mean_source_target_gap_closure,conditional_tasr_percent,10,0.9329441729782294,0.0002899971000289997
P19,target_mean_source_target_gap_closure,conditional_tasr_percent,10,0.9665698144513026,3.999960000399996e-05
P14,target_mean_source_target_gap_closure,conditional_tasr_percent,10,0.9393939393939394,0.0002099979000209998
within_pair_stratified,target_mean_source_target_gap_closure,conditional_tasr_percent,30,0.9463062963286338,9.99990000099999e-06
P16,target_mean_source_target_gap_closure,semantic_gap_gain,10,-0.11515151515151516,0.7586224137758623
P19,target_mean_source_target_gap_closure,semantic_gap_gain,10,-0.8181818181818182,0.005889941100588994
P14,target_mean_source_target_gap_closure,semantic_gap_gain,10,-0.3939393939393939,0.26351736482635174
within_pair_stratified,target_mean_source_target_gap_closure,semantic_gap_gain,30,-0.44242424242424244,0.02079979200207998
P16,closedset_boundary_crossings,tasr_percent,10,0.9969465577574307,1.999980000199998e-05
P19,closedset_boundary_crossings,tasr_percent,10,0.9938837346736189,1.999980000199998e-05
P14,closedset_boundary_crossings,tasr_percent,10,1.0,1.999980000199998e-05
within_pair_stratified,closedset_boundary_crossings,tasr_percent,30,0.9969486338708666,9.99990000099999e-06
P16,closedset_boundary_crossings,asr_percent,10,0.935424468636976,0.00012999870001299986
P19,closedset_boundary_crossings,asr_percent,10,0.911060090117484,0.0004699953000469995
P14,closedset_boundary_crossings,asr_percent,10,0.8875420937728943,0.0012499875001249989
within_pair_stratified,closedset_boundary_crossings,asr_percent,30,0.9112263873955356,9.99990000099999e-06
P16,closedset_boundary_crossings,conditional_tasr_percent,10,0.9969465577574307,1.999980000199998e-05
P19,closedset_boundary_crossings,conditional_tasr_percent,10,0.9938837346736189,1.999980000199998e-05
P14,closedset_boundary_crossings,conditional_tasr_percent,10,0.9878787878787879,2.999970000299997e-05
within_pair_stratified,closedset_boundary_crossings,conditional_tasr_percent,30,0.9928794557734346,9.99990000099999e-06
P16,closedset_boundary_crossings,semantic_gap_gain,10,0.10334394242561097,0.7772622273777262
P19,closedset_boundary_crossings,semantic_gap_gain,10,-0.8501886852920228,0.002839971600283997
P14,closedset_boundary_crossings,semantic_gap_gain,10,-0.40606060606060607,0.24694753052469476
within_pair_stratified,closedset_boundary_crossings,semantic_gap_gain,30,-0.38337029464735095,0.04622953770462295
