pair_id,transition_id,batch_index,image_index,generation_target_hit,clean_source_target_margin,adversarial_source_target_margin,clean_robust_margin,adversarial_robust_margin,clean_target_probability,adversarial_target_probability,clean_target_rank,adversarial_target_rank,clean_closedset_entropy,adversarial_closedset_entropy,source_target_gap_closure,robust_gap_closure
P19,T01,0,0,1,-22.5,19.6875,-22.5,16.625,1.6918978718027944e-10,0.9999998807907104,9.0,1.0,2.7836504159495234e-06,3.0603009690821636e-06,1.875,1.738888888888889
P19,T01,0,1,1,-17.25,21.28125,-17.25,15.75,3.2241764813534246e-08,0.9999997615814209,6.0,1.0,4.519126014201902e-05,4.300333785067778e-06,2.233695652173913,1.9130434782608696
P19,T01,0,2,1,-15.125,22.15625,-15.125,18.0,2.6995490998160676e-07,1.0,6.0,1.0,0.000146738879266195,5.15635008468962e-07,2.4648760330578514,2.190082644628099
P19,T01,0,3,1,-19.375,13.0625,-19.375,10.75,3.850737950727989e-09,0.9999510049819946,5.0,1.0,1.553255606268067e-05,0.0006193009903654456,1.6741935483870967,1.5548387096774194
P19,T01,0,4,1,-16.6875,21.59375,-16.6875,17.9375,5.658586843537705e-08,1.0,5.0,1.0,8.870897727319971e-05,6.682396929136303e-07,2.2940074906367043,2.0749063670411987
P19,T01,0,5,1,-19.6875,19.25,-19.6875,14.875,2.817261091081491e-09,0.9999991655349731,7.0,1.0,9.119708920479752e-06,1.2980895917280577e-05,1.9777777777777779,1.7555555555555555
P19,T01,0,6,1,-22.375,22.21875,-22.375,17.875,1.917171560394948e-10,1.0,8.0,1.0,8.618447395747353e-07,7.014025982243766e-07,1.9930167597765363,1.7988826815642458
P19,T01,0,7,1,-20.75,22.875,-20.75,19.0,9.736199624299502e-10,1.0,7.0,1.0,2.218260760855628e-06,2.8238503091415623e-07,2.102409638554217,1.9156626506024097
P19,T01,1,0,1,-22.78125,17.875,-22.78125,14.0625,1.2771110557974197e-10,0.9999986886978149,10.0,1.0,7.675185770494863e-06,2.0459607185330242e-05,1.784636488340192,1.617283950617284
P19,T01,1,1,1,-21.59375,20.8125,-21.59375,17.375,4.187487023799008e-10,1.0,6.0,1.0,2.347333520447137e-06,1.5620042859154637e-06,1.963820549927641,1.804630969609262
P19,T01,1,2,1,-20.5,6.125,-20.5,6.125,1.2501527590913497e-09,0.9941486120223999,6.0,1.0,2.743436880336958e-06,0.04466390237212181,1.298780487804878,1.298780487804878
P19,T01,1,3,1,-16.25,22.40625,-16.25,18.8125,8.764227743540687e-08,1.0,5.0,1.0,3.41767881764099e-05,3.5701489764505823e-07,2.378846153846154,2.1576923076923076
P19,T01,1,4,1,-17.5,20.46875,-17.5,14.9375,2.5109967438652347e-08,0.9999996423721313,6.0,1.0,1.6299351045745425e-05,6.6662537392403465e-06,2.169642857142857,1.8535714285714286
P19,T01,1,5,1,-21.71875,22.03125,-21.71875,17.125,3.6954447835135795e-10,1.0,4.0,1.0,6.237057732505491e-07,1.1110831792393583e-06,2.014388489208633,1.7884892086330935
P19,T01,1,6,1,-23.21875,22.25,-23.21875,17.6875,8.245651383909092e-11,1.0,7.0,1.0,3.0086407605267595e-06,6.999957804509904e-07,1.958277254374159,1.7617765814266486
P19,T01,1,7,1,-23.984375,22.3125,-23.984375,17.8125,3.834584386130935e-11,1.0,9.0,1.0,5.516670853467076e-07,9.706826631372678e-07,1.9302931596091206,1.742671009771987
P19,T01,2,0,1,-21.1875,21.625,-21.1875,18.1875,6.286161591262385e-10,1.0,8.0,1.0,3.972839294874575e-06,4.021291317712894e-07,2.0206489675516224,1.8584070796460177
P19,T01,2,1,1,-20.5,18.625,-20.5,14.4375,1.2501514268237202e-09,0.9999990463256836,10.0,1.0,1.8383980204816908e-05,1.4812945664743893e-05,1.9085365853658536,1.704268292682927
P19,T01,2,2,1,-21.03125,22.25,-21.03125,18.875,7.349267860945474e-10,1.0,5.0,1.0,3.6416920465853764e-06,3.6164050243314705e-07,2.0579494799405644,1.8974739970282317
P19,T01,2,3,1,-22.21875,21.65625,-22.21875,18.1875,2.241399982283454e-10,1.0,9.0,1.0,3.7715703911089804e-06,5.609347795143549e-07,1.9746835443037976,1.8185654008438819
P19,T01,2,4,1,-26.265625,23.28125,-26.265625,17.0625,3.917274057213538e-12,1.0,10.0,1.0,1.6488255596414092e-06,1.666386424403754e-06,1.8863771564544913,1.6496133254015466
P19,T01,2,5,1,-20.9375,17.5625,-20.9375,13.9375,8.071592283442897e-10,0.999998927116394,6.0,1.0,2.7617500109045068e-06,1.8414188161841594e-05,1.8388059701492536,1.6656716417910449
P19,T01,2,6,1,-20.5,21.65625,-20.5,17.5625,1.250151648868325e-09,1.0,10.0,1.0,1.4521120647259522e-05,1.2165190810264903e-06,2.0564024390243905,1.8567073170731707
P19,T01,2,7,1,-21.46875,9.875,-21.46875,9.625,4.745044357434836e-10,0.9997120499610901,6.0,1.0,1.8928003555629402e-06,0.003217490389943123,1.4599708879184863,1.4483260553129549
P19,T01,3,0,1,-18.0,22.0,-18.0,17.625,1.522993997582489e-08,1.0,8.0,1.0,3.799740079557523e-05,1.205420176120242e-06,2.2222222222222223,1.9791666666666667
P19,T01,3,1,1,-21.375,22.53125,-21.375,17.5,5.211411857608539e-10,1.0,9.0,1.0,2.3861107365519274e-06,9.244636771654768e-07,2.054093567251462,1.8187134502923976
P19,T01,3,2,1,-15.625,21.6875,-15.625,17.6875,1.637366295881293e-07,1.0,6.0,1.0,9.249348659068346e-05,5.996596996737935e-07,2.388,2.132
P19,T01,3,3,1,-21.875,20.21875,-21.875,16.9375,3.160880446273495e-10,0.9999998807907104,9.0,1.0,5.3523126553045586e-06,1.7221079815499252e-06,1.9242857142857144,1.7742857142857142
P19,T01,3,4,1,-19.875,18.75,-19.875,14.9375,2.3355912759370767e-09,0.9999994039535522,10.0,1.0,1.1310936315567233e-05,9.353078894491773e-06,1.9433962264150944,1.751572327044025
P19,T01,3,5,1,-14.8125,13.5,-14.8125,12.75,3.6898140365337895e-07,0.9999943971633911,5.0,1.0,0.00024600434699095786,8.21604480734095e-05,1.9113924050632911,1.860759493670886
P19,T01,3,6,1,-22.5625,21.5,-22.5625,17.8125,1.5893909799391537e-10,1.0,5.0,1.0,7.266592660926108e-07,9.730736110213911e-07,1.9529085872576177,1.7894736842105263
P19,T01,3,7,1,-17.5625,22.15625,-17.5625,19.0,2.3588635045257433e-08,1.0,5.0,1.0,1.3183824194129556e-05,2.0513668630428583e-07,2.2615658362989324,2.0818505338078293
P19,T01,4,0,1,-22.25,20.75,-22.25,17.4375,2.1724397281097652e-10,1.0,9.0,1.0,2.1948039830022026e-06,7.705249913669832e-07,1.9325842696629214,1.7837078651685394
P19,T01,4,1,1,-17.1875,21.15625,-17.1875,15.1875,3.43212320785824e-08,0.9999997615814209,7.0,1.0,2.5949284463422373e-05,5.433418209577212e-06,2.230909090909091,1.8836363636363636
P19,T01,4,2,1,-17.1875,21.0,-17.1875,15.8125,3.432125694757815e-08,0.9999997615814209,5.0,1.0,1.5701367374276742e-05,4.1615758163970895e-06,2.2218181818181817,1.92
P19,T01,4,3,1,-21.8125,22.0625,-21.8125,16.6875,3.3647382102763856e-10,0.9999998807907104,10.0,1.0,1.166731908597285e-05,2.3237250843521906e-06,2.011461318051576,1.7650429799426934
P19,T01,4,4,1,-14.75,11.125,-14.75,10.75,3.9277631458389806e-07,0.9999430179595947,5.0,1.0,0.0003126816009171307,0.0007101395167410374,1.7542372881355932,1.728813559322034
P19,T01,4,5,1,-18.625,21.9375,-18.625,17.1875,8.152016839346743e-09,1.0,5.0,1.0,7.904837730166037e-06,9.957209385902388e-07,2.1778523489932886,1.9228187919463087
P19,T01,4,6,1,-19.875,22.90625,-19.875,18.4375,2.335592830249311e-09,1.0,5.0,1.0,2.375434178247815e-06,4.544702392195177e-07,2.15251572327044,1.9276729559748427
P19,T01,4,7,1,-19.8125,19.0625,-19.8125,13.5,2.4862252256951933e-09,0.9999971389770508,6.0,1.0,3.871925855492009e-06,4.343931141193025e-05,1.9621451104100947,1.6813880126182965
P19,T01,5,0,1,-17.6875,14.1875,-17.6875,11.75,2.081684158383723e-08,0.9999817609786987,8.0,1.0,4.936696495860815e-05,0.0002477050293236971,1.802120141342756,1.6643109540636043
P19,T01,5,1,1,-20.6875,12.0,-20.6875,7.0,1.0364130664797244e-09,0.999052107334137,5.0,1.0,1.7954685063159559e-06,0.0077719660475850105,1.5800604229607251,1.338368580060423
P19,T01,5,2,1,-21.96875,21.21875,-21.96875,17.0625,2.87801477094618e-10,0.9999998807907104,9.0,1.0,3.7026200061518466e-06,1.9157610040565487e-06,1.9658605974395449,1.7766714082503556
P19,T01,5,3,1,-18.0625,22.1875,-18.0625,17.75,1.4307187434781099e-08,1.0,5.0,1.0,5.409989898907952e-05,8.541804845663137e-07,2.2283737024221453,1.9826989619377162
P19,T01,5,4,1,-20.40625,18.5625,-20.40625,14.4375,1.3730236947395724e-09,0.9999984502792358,8.0,1.0,7.65177082939772e-06,2.482148374838289e-05,1.9096477794793263,1.7075038284839203
P19,T01,5,5,1,-22.96875,20.6875,-22.96875,18.125,1.0587623833213655e-10,1.0,10.0,1.0,3.8071200378908543e-06,7.221397595458257e-07,1.9006802721088436,1.7891156462585034
P19,T01,5,6,1,-21.3125,18.3125,-21.3125,13.625,5.54751855563751e-10,0.9999978542327881,9.0,1.0,4.3859176912519615e-06,3.330303661641665e-05,1.8592375366568914,1.6392961876832846
P19,T01,5,7,0,-16.6875,-8.75,-16.6875,-8.75,5.6586149099757677e-08,0.00015825318405404687,5.0,5.0,2.6251222152495757e-05,0.012541825883090496,0.4756554307116105,0.4756554307116105
P19,T01,6,0,1,-21.5,23.21875,-21.5,16.375,4.59905419303297e-10,0.9999998807907104,10.0,1.0,5.3271473916538525e-06,3.4628499179234495e-06,2.0799418604651163,1.7616279069767442
P19,T01,6,1,1,-22.59375,20.46875,-22.59375,16.125,1.5404895414850017e-10,0.9999996423721313,9.0,1.0,9.27207111089956e-06,5.214454631641274e-06,1.9059474412171507,1.7136929460580912
P19,T02,0,0,1,-24.875,4.5,-24.875,2.625,1.573710259328287e-11,0.8531529903411865,9.0,1.0,8.351240126103221e-07,0.6044980883598328,1.1809045226130652,1.1055276381909547
P19,T02,0,1,1,-22.5,10.5,-22.5,9.875,1.6918975942470382e-10,0.9998787641525269,6.0,1.0,4.641376563085942e-06,0.001416176906786859,1.4666666666666666,1.4388888888888889
P19,T02,0,2,0,-21.8125,-5.0,-21.8125,-5.0,3.364740430722435e-10,0.00669114338234067,7.0,2.0,2.0846966890530894e-06,0.042927391827106476,0.7707736389684814,0.7707736389684814
P19,T02,0,3,0,-24.1875,0.0,-24.1875,-5.0,3.129696501957824e-11,0.004498564638197422,10.0,8.0,9.862310434982646e-07,1.1708893775939941,1.0,0.7932816537467701
P19,T02,0,4,0,-23.125,-4.75,-23.125,-4.75,9.056076721858375e-11,0.008561319671571255,9.0,2.0,2.9842939852642303e-07,0.06560025364160538,0.7945945945945946,0.7945945945945946
P19,T02,0,5,1,-24.984375,7.125,-24.984375,4.25,1.4106647273914863e-11,0.9820470809936523,6.0,1.0,4.796731332135096e-07,0.10574523359537125,1.2851782363977486,1.1701063164477798
P19,T02,0,6,1,-23.65625,5.75,-23.65625,5.75,5.323793142442135e-11,0.996705949306488,9.0,1.0,7.779105999361491e-07,0.022850045934319496,1.2430647291941876,1.2430647291941876
P19,T02,0,7,1,-22.65625,9.125,-22.65625,7.875,1.447156838807473e-10,0.9991063475608826,9.0,1.0,2.804649966492434e-06,0.008678699843585491,1.4027586206896552,1.3475862068965516
P19,T02,1,0,0,-24.0625,0.625,-24.0625,-6.0,3.546410734522887e-11,0.0022625026758760214,9.0,6.0,4.4729739556714776e-07,0.4093658924102783,1.025974025974026,0.7506493506493507
P19,T02,1,1,1,-23.34375,9.375,-23.34375,9.25,7.276762525876279e-11,0.9995982050895691,8.0,1.0,9.154895224128268e-07,0.004293479025363922,1.4016064257028114,1.3962516733601071
P19,T02,1,2,1,-22.15625,9.125,-22.15625,9.125,2.3859580977614314e-10,0.9997605681419373,5.0,1.0,1.5153166259551654e-06,0.0026511347386986017,1.4118476727785614,1.4118476727785614
P19,T02,1,3,1,-25.34375,10.125,-25.34375,10.125,9.84802690784381e-12,0.9998835325241089,9.0,1.0,2.5623350552450574e-07,0.0013795994454994798,1.3995067817509248,1.3995067817509248
P19,T02,1,4,0,-24.5625,-2.25,-24.5625,-5.75,2.1510068032304375e-11,0.002608892507851124,7.0,8.0,2.223042940840969e-07,0.7911703586578369,0.9083969465648855,0.7659033078880407
P19,T02,1,5,0,-17.1875,0.75,-17.1875,-7.125,3.4321235631296076e-08,0.0008022420224733651,7.0,2.0,2.4788974769762717e-05,0.026999760419130325,1.0436363636363637,0.5854545454545454
P19,T02,1,6,0,-22.875,0.75,-22.875,-10.0,1.1628231710858472e-10,4.539264045888558e-05,7.0,2.0,1.2279102747925208e-06,0.0018822757992893457,1.0327868852459017,0.5628415300546448
P19,T02,1,7,1,-24.859375,6.875,-24.859375,6.625,1.5984925189060917e-11,0.9949418902397156,9.0,1.0,7.291311590051919e-07,0.041261784732341766,1.2765556253928347,1.2664990571967316
P19,T02,2,0,1,-24.03125,8.5,-24.03125,7.625,3.658985961441097e-11,0.9983598589897156,6.0,1.0,1.8737941331892216e-07,0.015233872458338737,1.35370611183355,1.317295188556567
P19,T02,2,1,1,-23.34375,9.75,-23.34375,9.375,7.276761831986889e-11,0.9997488856315613,8.0,1.0,1.2260294397492544e-06,0.0027796095237135887,1.4176706827309238,1.4016064257028114
P19,T02,2,2,0,-24.28125,0.875,-24.28125,-2.625,2.8496210599526783e-11,0.05018096789717674,10.0,4.0,3.0902504022378707e-07,1.1435035467147827,1.0360360360360361,0.8918918918918919
P19,T02,2,3,0,-24.265625,4.375,-24.265625,-2.75,2.8944961011356796e-11,0.05990404635667801,6.0,2.0,4.2390558974148007e-07,0.25126922130584717,1.180296200901481,0.8866709594333548
P19,T02,2,4,1,-22.0625,11.0,-22.0625,10.875,2.6204624581360747e-10,0.9999505281448364,6.0,1.0,2.3446114028047305e-06,0.00061842892318964,1.498583569405099,1.4929178470254958
P19,T02,2,5,1,-22.1875,13.4375,-22.1875,12.875,2.3125497350395818e-10,0.9999943971633911,8.0,1.0,4.722814992419444e-06,8.282743510790169e-05,1.6056338028169015,1.580281690140845
P19,T02,2,6,0,-24.4375,-4.625,-24.4375,-4.625,2.4374099960589035e-11,0.009676760993897915,8.0,2.0,4.674822378092358e-07,0.08227229863405228,0.8107416879795396,0.8107416879795396
P19,T02,2,7,1,-24.046875,9.5,-24.046875,9.5,3.602258422108484e-11,0.9997261166572571,8.0,1.0,4.893318532595003e-07,0.0030542800668627024,1.3950617283950617,1.3950617283950617
P19,T02,3,0,0,-23.3125,-0.875,-23.3125,-11.375,7.507750671154056e-11,1.147691818914609e-05,8.0,7.0,1.17039337510505e-06,0.0020135927479714155,0.9624664879356568,0.5120643431635389
P19,T02,3,1,0,-22.15625,-12.0,-22.15625,-12.0,2.3859578202056753e-10,6.143468908703653e-06,8.0,7.0,3.5887926514988067e-06,0.0014271076070144773,0.45839210155148097,0.45839210155148097
P19,T02,3,2,1,-23.28125,8.875,-23.28125,8.25,7.746073227288264e-11,0.999072790145874,6.0,1.0,3.331463176436955e-07,0.009170671924948692,1.3812080536912752,1.3543624161073826
P19,T02,3,3,1,-22.3125,9.125,-22.3125,8.25,2.0408184864262324e-10,0.999382495880127,8.0,1.0,5.558768521041202e-07,0.00626837182790041,1.4089635854341738,1.3697478991596639
P19,T02,3,4,1,-22.65625,11.375,-22.65625,11.375,1.447156838807473e-10,0.999964714050293,8.0,1.0,1.7783346493160934e-06,0.0004603703855536878,1.5020689655172415,1.5020689655172415
P19,T02,3,5,1,-24.203125,13.625,-24.203125,13.625,3.081174898555972e-11,0.9999966621398926,7.0,1.0,4.4621543793255114e-07,5.110376514494419e-05,1.5629438347320852,1.5629438347320852
P19,T02,3,6,1,-25.078125,13.8125,-25.078125,13.8125,1.2844248234444855e-11,0.999996542930603,9.0,1.0,2.7919222134187294e-07,5.334406887413934e-05,1.550778816199377,1.550778816199377
P19,T02,3,7,1,-24.328125,5.0,-24.328125,5.0,2.7191270068893658e-11,0.9918978214263916,10.0,1.0,1.3408526911007357e-06,0.05291260406374931,1.2055234425176622,1.2055234425176622
P19,T02,4,0,1,-24.375,8.625,-24.375,7.875,2.5946094231454886e-11,0.9989344477653503,8.0,1.0,6.821467195550213e-07,0.010248769074678421,1.353846153846154,1.323076923076923
P19,T02,4,1,1,-24.5625,3.5,-24.5625,1.75,2.1510068032304375e-11,0.8036195635795593,5.0,1.0,2.5141218884527916e-07,0.7087349891662598,1.1424936386768447,1.0712468193384224
P19,T02,4,2,1,-20.71875,12.0,-20.71875,11.875,1.004525795877953e-09,0.9999792575836182,8.0,1.0,3.996380200987915e-06,0.0002791159204207361,1.579185520361991,1.5731523378582202
P19,T02,4,3,1,-25.796875,10.0,-25.796875,10.0,6.259786959617042e-12,0.9998024106025696,7.0,1.0,3.3306213254036265e-07,0.0022574292961508036,1.3876438522107812,1.3876438522107812
P19,T02,4,4,1,-21.5625,6.25,-21.5625,4.25,4.3204109734240603e-10,0.9769862294197083,9.0,1.0,5.697406322724419e-06,0.1402401328086853,1.289855072463768,1.1971014492753622
P19,T02,4,5,1,-24.546875,4.5,-24.546875,1.75,2.1848802281287938e-11,0.7699686288833618,8.0,1.0,5.482210667651088e-07,0.8512001633644104,1.1833227243793762,1.0712921705919796
P19,T02,4,6,1,-24.734375,7.0,-24.734375,4.25,1.8113293850929857e-11,0.9714956879615784,10.0,1.0,4.866168978878704e-07,0.1683686077594757,1.283006948831333,1.171825647504738
P19,T02,4,7,1,-24.296875,11.125,-24.296875,11.0,2.8054418163558914e-11,0.9999370574951172,9.0,1.0,2.860847416741308e-07,0.000787732657045126,1.4578778135048232,1.452733118971061
P19,T02,5,0,0,-22.78125,-11.25,-22.78125,-11.25,1.277111472131054e-10,1.3004804714000784e-05,8.0,4.0,2.2248025288718054e-06,0.002154663670808077,0.5061728395061729,0.5061728395061729
P19,T02,5,1,1,-24.078125,11.375,-24.078125,11.375,3.491428673951802e-11,0.9999730587005615,7.0,1.0,3.1189756555249915e-07,0.0003535470459610224,1.4724205061648281,1.4724205061648281
P19,T02,5,2,1,-22.4375,8.625,-22.4375,7.75,1.8010157254444437e-10,0.9985979199409485,8.0,1.0,2.1415021365100984e-06,0.013005408458411694,1.384401114206128,1.3454038997214484
P19,T02,5,3,0,-24.109375,3.625,-24.109375,-4.625,3.3840086982595e-11,0.009699594229459763,8.0,2.0,9.505636171525111e-07,0.06294325739145279,1.1503564484769928,0.8081659105638367
P19,T02,5,4,1,-22.78125,6.5,-22.78125,6.5,1.277111472131054e-10,0.9977585077285767,6.0,1.0,2.7781763947132276e-06,0.018628131598234177,1.2853223593964336,1.2853223593964336
P19,T02,5,5,0,-22.5,-10.375,-22.5,-10.375,1.6918978718027944e-10,3.118302265647799e-05,10.0,5.0,2.71427688858239e-06,0.006259098649024963,0.5388888888888889,0.5388888888888889
P19,T02,5,6,0,-23.25,2.375,-23.25,-4.0,7.99195917777773e-11,0.01606431044638157,7.0,3.0,1.8980476852448191e-06,0.5360392928123474,1.1021505376344085,0.8279569892473119
P19,T02,5,7,1,-19.75,8.125,-19.75,7.75,2.646570518294311e-09,0.9982662796974182,9.0,1.0,1.791046088328585e-05,0.01601775363087654,1.4113924050632911,1.3924050632911393
P19,T02,6,0,1,-22.90625,10.375,-22.90625,10.375,1.127046997395631e-10,0.9998525381088257,8.0,1.0,3.703714241964917e-07,0.0017442242242395878,1.4529331514324693,1.4529331514324693
P19,T02,6,1,1,-24.359375,10.875,-24.359375,10.125,2.6354685794816035e-11,0.9999141693115234,6.0,1.0,1.5163860211941937e-07,0.001030424376949668,1.4464400256574728,1.4156510583707504
P19,T03,0,0,1,-22.125,12.25,-22.125,11.5,2.4616969573898473e-10,0.9999480247497559,7.0,1.0,9.198947736877017e-07,0.0006711864843964577,1.5536723163841808,1.5197740112994351
P19,T03,0,1,1,-16.4375,5.625,-16.4375,5.625,7.265790458177435e-08,0.9941218495368958,8.0,1.0,5.490511466632597e-05,0.04449904337525368,1.3422053231939164,1.3422053231939164
P19,T03,0,2,1,-20.875,10.125,-20.875,6.375,8.592166422793923e-10,0.9977337121963501,8.0,1.0,8.560670039514662e-07,0.018423356115818024,1.4850299401197604,1.3053892215568863
P19,T03,0,3,0,-19.46875,-0.375,-19.46875,-4.25,3.5061400449620805e-09,0.01139050256460905,6.0,7.0,1.831559984566411e-06,0.8175328969955444,0.9807383627608347,0.7817014446227929
P19,T03,0,4,1,-21.4375,11.625,-21.4375,11.125,4.895668870297243e-10,0.9999279975891113,6.0,1.0,5.591305693997128e-07,0.0009067248320207,1.5422740524781342,1.5189504373177842
P19,T03,0,5,1,-21.59375,9.375,-21.59375,1.25,4.1874875789105204e-10,0.7767806649208069,9.0,1.0,5.195816470404679e-07,0.5366584062576294,1.4341534008683068,1.0578871201157742
P19,T03,0,6,0,-22.65625,-2.0,-22.65625,-6.5,1.447156977585351e-10,0.0009807981550693512,7.0,9.0,2.592004477719456e-07,0.9544086456298828,0.9117241379310345,0.713103448275862
P19,T03,0,7,1,-21.0,11.875,-21.0,11.625,7.582560135332983e-10,0.9999511241912842,5.0,1.0,4.940376356898923e-07,0.0006349480827338994,1.5654761904761905,1.5535714285714286
P19,T03,1,0,0,-22.9375,-7.625,-22.9375,-7.625,1.0923714016675135e-10,0.0004870168340858072,9.0,3.0,3.599273270538106e-07,0.01953141950070858,0.667574931880109,0.667574931880109
P19,T03,1,1,1,-23.3125,14.125,-23.3125,13.25,7.507751365043447e-11,0.9999920129776001,7.0,1.0,2.056910801684353e-07,0.00011743065988412127,1.6058981233243967,1.5683646112600536
P19,T03,1,2,0,-16.625,-11.5,-16.625,-11.5,6.023541487820694e-08,1.012612756312592e-05,9.0,9.0,7.805958011886105e-05,0.004190471488982439,0.3082706766917293,0.3082706766917293
P19,T03,1,3,1,-16.25,6.625,-16.25,4.25,8.764168057950883e-08,0.9640397429466248,8.0,1.0,0.00012370801414363086,0.2117382287979126,1.4076923076923078,1.2615384615384615
P19,T03,1,4,0,-16.875,-10.5,-16.875,-10.5,4.691156263447738e-08,2.7509877327247523e-05,9.0,8.0,2.6069767045555636e-05,0.00931207649409771,0.37777777777777777,0.37777777777777777
P19,T03,1,5,0,-18.6875,-10.0,-18.6875,-10.0,7.658113254649379e-09,4.531259764917195e-05,7.0,9.0,3.954748081014259e-06,0.017292574048042297,0.46488294314381273,0.46488294314381273
P19,T03,1,6,1,-22.90625,10.0,-22.90625,8.75,1.127046997395631e-10,0.999680757522583,6.0,1.0,2.6171994704782264e-07,0.0033810713794082403,1.43656207366985,1.3819918144611187
P19,T03,1,7,1,-21.1875,5.25,-21.1875,5.25,6.286163256596922e-10,0.9942360520362854,5.0,1.0,5.867623826816271e-07,0.03823238983750343,1.247787610619469,1.247787610619469
P19,T03,2,0,1,-18.75,10.875,-18.75,10.875,7.194131068644083e-09,0.9999072551727295,7.0,1.0,4.37907874584198e-06,0.0011461593676358461,1.58,1.58
P19,T03,2,1,1,-21.375,10.375,-21.375,9.375,5.211412412720051e-10,0.999677300453186,5.0,1.0,7.991915254024207e-07,0.0035761564504355192,1.4853801169590644,1.4385964912280702
P19,T03,2,2,0,-19.6875,-1.9999998807907104,-19.6875,-1.9999998807907104,2.8172624233491206e-09,0.11179859936237335,8.0,2.0,2.7191445042262785e-06,0.6958217024803162,0.8984127044677734,0.8984127044677734
P19,T03,2,3,1,-20.25,2.5,-20.25,2.5,1.605227839540646e-09,0.910855233669281,7.0,1.0,2.548146767367143e-06,0.36865848302841187,1.123456790123457,1.123456790123457
P19,T03,2,4,0,-21.3125,-4.75,-21.3125,-4.75,5.547519665860534e-10,0.008574242703616619,8.0,2.0,5.925876394030638e-07,0.053262729197740555,0.7771260997067448,0.7771260997067448
P19,T03,2,5,1,-21.875,10.25,-21.875,10.0,3.16088155649652e-10,0.9998027682304382,6.0,1.0,4.127130353026587e-07,0.002287455601617694,1.4685714285714286,1.457142857142857
P19,T03,2,6,1,-15.5625,14.4375,-15.5625,13.5,1.7429648835332046e-07,0.9999940395355225,7.0,1.0,0.00011384792742319405,8.969818736659363e-05,1.927710843373494,1.8674698795180722
P19,T03,2,7,1,-19.0625,6.625,-19.0625,5.5,5.2633382097155845e-09,0.9878973960876465,8.0,1.0,6.038156698195962e-06,0.08650767803192139,1.3475409836065573,1.2885245901639344
P19,T03,3,0,1,-22.15625,11.375,-22.15625,11.375,2.3859583753171876e-10,0.999946117401123,6.0,1.0,4.671652220622491e-07,0.0006929753581061959,1.5133991537376588,1.5133991537376588
P19,T03,3,1,1,-19.3125,10.875,-19.3125,10.5,4.0990930649797974e-09,0.9998775720596313,7.0,1.0,3.0237472401495324e-06,0.0014613578096032143,1.5631067961165048,1.5436893203883495
P19,T03,3,2,1,-18.5,5.125,-18.5,-1.5,9.23744813974281e-09,0.18180304765701294,7.0,2.0,4.955027179676108e-06,0.5023607015609741,1.277027027027027,0.918918918918919
P19,T03,3,3,1,-18.5,10.375,-18.5,7.375,9.23744813974281e-09,0.9991475343704224,7.0,1.0,4.625861947715748e-06,0.007820645347237587,1.5608108108108107,1.3986486486486487
P19,T03,3,4,0,-20.96875,1.3125,-20.96875,-12.3125,7.823255376848692e-10,4.4951348172617145e-06,9.0,3.0,2.5221963824151317e-06,0.00020625506294891238,1.0625931445603576,0.4128166915052161
P19,T03,3,5,1,-22.71875,18.9375,-22.71875,17.8125,1.359478224438604e-10,1.0,10.0,1.0,5.17907665198436e-07,1.0926003142230911e-06,1.8335625859697386,1.7840440165061897
P19,T03,3,6,1,-21.375,10.375,-21.375,9.375,5.211412412720051e-10,0.9996631145477295,7.0,1.0,3.285906586825149e-07,0.0036931112408638,1.4853801169590644,1.4385964912280702
P19,T03,3,7,1,-14.8125,9.25,-14.8125,7.5,3.6898029520671116e-07,0.998305082321167,10.0,1.0,0.0003020151052623987,0.01571420580148697,1.6244725738396624,1.5063291139240507
P19,T03,4,0,1,-22.1875,7.75,-22.1875,6.25,2.3125502901510941e-10,0.9949733018875122,5.0,1.0,2.0666220734710805e-07,0.040756259113550186,1.3492957746478873,1.2816901408450705
P19,T03,4,1,1,-20.5,9.625,-20.5,8.125,1.2501528701136522e-09,0.9993793964385986,6.0,1.0,1.102735609492811e-06,0.0062113674357533455,1.4695121951219512,1.396341463414634
P19,T03,4,2,0,-22.9375,-2.75,-22.9375,-2.75,1.0923714016675135e-10,0.05993649736046791,7.0,2.0,1.5272648568043223e-07,0.24754197895526886,0.8801089918256131,0.8801089918256131
P19,T03,4,3,0,-21.875,-10.75,-21.875,-10.75,3.16088155649652e-10,2.142274570360314e-05,7.0,9.0,4.941484803566709e-07,0.010092239826917648,0.5085714285714286,0.5085714285714286
P19,T03,4,4,1,-19.1875,7.0,-19.1875,6.25,4.644879592063944e-09,0.9933502078056335,6.0,1.0,6.615668553422438e-06,0.0524209588766098,1.3648208469055374,1.3257328990228012
P19,T03,4,5,1,-23.265625,11.625,-23.265625,11.0,7.868056206561391e-11,0.99993896484375,5.0,1.0,4.91807611524564e-07,0.0007767289644107223,1.4996642041638684,1.4728005372733377
P19,T03,4,6,1,-22.21875,14.5625,-22.21875,13.75,2.2414005373949664e-10,0.9999958276748657,8.0,1.0,5.078669005342817e-07,6.278100772760808e-05,1.6554149085794656,1.6188466947960618
P19,T03,4,7,1,-23.375,9.0,-23.375,9.0,7.052879807956103e-11,0.9995330572128296,9.0,1.0,4.172913463662553e-07,0.004969539120793343,1.3850267379679144,1.3850267379679144
P19,T03,5,0,0,-22.4375,-6.625,-22.4375,-6.625,1.8010160030001998e-10,0.0007426426163874567,5.0,4.0,2.495574165095604e-07,0.7182021141052246,0.7047353760445683,0.7047353760445683
P19,T03,5,1,1,-22.15625,11.375,-22.15625,10.75,2.3859583753171876e-10,0.9999171495437622,7.0,1.0,4.155827184604277e-07,0.0010227099992334843,1.5133991537376588,1.4851904090267982
P19,T03,5,2,1,-19.71875,10.25,-19.71875,8.75,2.7305846472813755e-09,0.9996373653411865,9.0,1.0,2.606785983516602e-06,0.00387706165201962,1.5198098256735342,1.4437400950871633
P19,T03,5,3,0,-20.21875,1.8125,-20.21875,-10.75,1.6561831905903546e-09,2.1444133381010033e-05,9.0,2.0,2.0458335256989812e-06,0.0007460706401616335,1.089644513137558,0.46831530139103555
P19,T03,5,4,1,-22.15625,11.125,-22.15625,10.375,2.3859583753171876e-10,0.9998652935028076,5.0,1.0,4.6341179427145107e-07,0.0016084050294011831,1.5021156558533146,1.468265162200282
P19,T03,5,5,0,-19.96875,6.125,-19.96875,0.0,2.1265813554549595e-09,0.4753829836845398,6.0,1.0,2.3608511128259124e-06,0.910733699798584,1.3067292644757433,1.0
P19,T03,5,6,0,-19.84375,-2.625,-19.84375,-4.75,2.4097324136107545e-09,0.002905571134760976,7.0,9.0,2.8056588234903757e-06,1.600377082824707,0.8677165354330708,0.7606299212598425
P19,T03,5,7,1,-22.0625,11.25,-22.0625,10.75,2.620462735691831e-10,0.999891996383667,7.0,1.0,2.9105251542205224e-07,0.0013121855445206165,1.5099150141643058,1.4872521246458923
P19,T03,6,0,1,-22.4375,14.4375,-22.4375,13.8125,1.8010160030001998e-10,0.9999971389770508,8.0,1.0,3.6866524055767513e-07,4.489802086027339e-05,1.6434540389972145,1.615598885793872
P19,T03,6,1,1,-14.375,10.625,-14.375,10.125,5.714853159588529e-07,0.9998481273651123,7.0,1.0,0.0003436547121964395,0.001801149221137166,1.7391304347826086,1.7043478260869565
P19,T04,0,0,0,-14.1875,-11.125,-14.1875,-11.125,6.893353088344156e-07,1.4735723198100459e-05,10.0,6.0,0.000493172206915915,0.0026355632580816746,0.21585903083700442,0.21585903083700442
P19,T04,0,1,1,-18.1875,4.625,-18.1875,0.0,1.2626094836321045e-08,0.38829585909843445,6.0,1.0,3.0580144994019065e-06,1.336557388305664,1.254295532646048,1.0
P19,T04,0,2,1,-21.0625,12.125,-21.0625,10.375,7.123156509081241e-10,0.9999231100082397,7.0,1.0,5.547049113374669e-07,0.0009401704301126301,1.57566765578635,1.4925816023738872
P19,T04,0,3,1,-22.03125,7.5,-22.03125,1.5,2.703645085588846e-10,0.6965813636779785,7.0,1.0,2.7491870469020796e-07,1.0363785028457642,1.3404255319148937,1.0680851063829788
P19,T04,0,4,1,-21.9375,18.375,-21.9375,14.1875,2.9693733583080473e-10,0.9999988079071045,7.0,1.0,2.491274528892973e-07,1.969164986803662e-05,1.8376068376068375,1.6467236467236468
P19,T04,0,5,1,-18.5,12.875,-18.5,11.25,9.23744813974281e-09,0.9999490976333618,8.0,1.0,4.8180272642639466e-06,0.0006551248952746391,1.695945945945946,1.6081081081081081
P19,T04,0,6,0,-19.4375,-12.625,-19.4375,-12.625,3.6174363504670737e-09,3.2880532216950087e-06,7.0,9.0,3.252953547416837e-06,0.002364690415561199,0.3504823151125402,0.3504823151125402
P19,T04,0,7,1,-22.125,0.3749999403953552,-22.125,0.3749999403953552,2.4616969573898473e-10,0.5036256313323975,7.0,1.0,2.444902804654703e-07,1.149222731590271,1.0169491498483776,1.0169491498483776
P19,T04,1,0,0,-18.875,-16.4375,-18.875,-16.4375,6.3487992640887114e-09,7.265796853062056e-08,5.0,7.0,1.9751466879824875e-06,4.2147283238591626e-05,0.1291390728476821,0.1291390728476821
P19,T04,1,1,1,-17.75,7.375,-17.75,4.0,1.9555651320501966e-08,0.9468246698379517,8.0,1.0,2.3780086849001236e-05,0.2941146492958069,1.4154929577464788,1.2253521126760563
P19,T04,1,2,0,-21.96875,-17.375,-21.96875,-17.375,2.8780153260576924e-10,2.845333746392953e-08,6.0,4.0,2.468192690230353e-07,7.013243248366052e-06,0.20910384068278806,0.20910384068278806
P19,T04,1,3,1,-21.8125,20.71875,-21.8125,15.875,3.364740708278191e-10,0.9999997615814209,6.0,1.0,2.6569995270619984e-07,4.640762199414894e-06,1.9498567335243553,1.7277936962750717
P19,T04,1,4,1,-22.875,7.125,-22.875,5.125,1.1628233098637253e-10,0.9863959550857544,7.0,1.0,1.9014306928966107e-07,0.09188737720251083,1.3114754098360655,1.2240437158469946
P19,T04,1,5,1,-17.625,7.5,-17.625,7.375,2.2159451162906407e-08,0.9974814057350159,7.0,1.0,2.7026964744436555e-05,0.022435156628489494,1.425531914893617,1.4184397163120568
P19,T04,1,6,0,-22.0,-19.90625,-22.0,-19.90625,2.789468100949932e-10,2.2637340890696578e-09,6.0,7.0,3.1672806244387175e-07,3.371419325048919e-06,0.09517045454545454,0.09517045454545454
P19,T04,1,7,1,-18.0625,7.75,-18.0625,5.125,1.4307230955523664e-08,0.9856944680213928,6.0,1.0,1.1387715858290903e-05,0.09735213965177536,1.4290657439446366,1.2837370242214532
P19,T04,2,0,1,-22.5,19.25,-22.5,14.25,1.6918980105806725e-10,0.999998927116394,7.0,1.0,2.431798122870532e-07,1.7621950973989442e-05,1.8555555555555556,1.6333333333333333
P19,T04,2,1,1,-22.09375,21.75,-22.09375,17.5625,2.539839727422333e-10,1.0,7.0,1.0,1.8182483074724587e-07,1.0479665206730715e-06,1.9844413012729845,1.7949080622347948
P19,T04,2,2,0,-21.4375,-4.875,-21.4375,-4.875,4.895668870297243e-10,0.007574373856186867,6.0,2.0,2.690979385988612e-07,0.04855995625257492,0.7725947521865889,0.7725947521865889
P19,T04,2,3,1,-21.875,24.4375,-21.875,18.4375,3.16088155649652e-10,1.0,6.0,1.0,3.3509655850139097e-07,4.2320567672504694e-07,2.117142857142857,1.8428571428571427
P19,T04,2,4,0,-21.96875,-20.0625,-21.96875,-20.0625,2.8780153260576924e-10,1.9362746961348876e-09,6.0,6.0,2.1482497913893894e-07,7.487507218684186e-07,0.08677098150782361,0.08677098150782361
P19,T04,2,5,0,-21.875,-17.125,-21.875,-17.125,3.16088155649652e-10,3.6534739678018013e-08,7.0,7.0,2.9023203751421534e-07,3.33464122377336e-05,0.21714285714285714,0.21714285714285714
P19,T04,2,6,1,-20.15625,9.5,-20.15625,9.0,1.7629980808564483e-09,0.99945467710495,5.0,1.0,7.308956355700502e-07,0.005726221948862076,1.4713178294573643,1.4465116279069767
P19,T04,2,7,1,-21.0,11.625,-21.0,9.75,7.582560135332983e-10,0.9998443126678467,5.0,1.0,5.491212391461886e-07,0.0018080059671774507,1.5535714285714286,1.4642857142857142
P19,T04,3,0,1,-17.0,23.65625,-17.0,17.9375,4.139928577728824e-08,1.0,9.0,1.0,3.16812438541092e-05,4.1659990301923244e-07,2.391544117647059,2.0551470588235294
P19,T04,3,1,0,-22.09375,-19.75,-22.09375,-19.75,2.539839727422333e-10,2.64657362691878e-09,8.0,5.0,2.538159549203556e-07,8.727787985662872e-07,0.10608203677510608,0.10608203677510608
P19,T04,3,2,0,-21.09375,-5.625,-21.09375,-5.625,6.90399959424326e-10,0.0035928627476096153,7.0,2.0,4.4137823351775296e-07,0.02611405961215496,0.7333333333333333,0.7333333333333333
P19,T04,3,3,0,-21.96875,-10.125,-21.96875,-10.125,2.8780153260576924e-10,4.00603239540942e-05,8.0,2.0,3.0953702889746637e-07,0.0014522930141538382,0.5391180654338549,0.5391180654338549
P19,T04,3,4,1,-20.9375,17.375,-20.9375,14.5625,8.071593393665921e-10,0.9999990463256836,6.0,1.0,4.465867107228405e-07,1.7643991668592207e-05,1.8298507462686566,1.6955223880597015
P19,T04,3,5,0,-22.65625,-20.71875,-22.65625,-20.71875,1.447156977585351e-10,1.0045259069002554e-09,8.0,8.0,1.1198223148767283e-07,2.2252299913816387e-06,0.08551724137931034,0.08551724137931034
P19,T04,3,6,0,-21.625,-7.5,-21.625,-7.5,4.05865202557365e-10,0.0005527253961190581,7.0,2.0,3.0115211302472744e-07,0.005860565230250359,0.653179190751445,0.653179190751445
P19,T04,3,7,1,-21.78125,10.25,-21.78125,10.25,3.471549159250742e-10,0.9999330043792725,7.0,1.0,4.6375026840905775e-07,0.0008144687162712216,1.4705882352941178,1.4705882352941178
P19,T04,4,0,1,-21.53125,16.0625,-21.53125,13.1875,4.457557378767518e-10,0.9999943971633911,7.0,1.0,4.1433003161728266e-07,8.230801904574037e-05,1.7460087082728593,1.6124818577648767
P19,T04,4,1,1,-22.40625,9.5,-22.40625,1.25,1.85818638254176e-10,0.7409180998802185,6.0,1.0,1.3268407883515465e-07,0.7512080669403076,1.4239888423988842,1.0557880055788005
P19,T04,4,2,0,-22.125,-16.25,-22.125,-16.25,2.4616969573898473e-10,8.764194348032106e-08,8.0,10.0,6.103095984144602e-07,9.041596786119044e-05,0.2655367231638418,0.2655367231638418
P19,T04,4,3,1,-21.375,15.0,-21.375,12.75,5.211412412720051e-10,0.999993085861206,7.0,1.0,5.921539809605747e-07,9.967740334104747e-05,1.7017543859649122,1.5964912280701755
P19,T04,4,4,0,-22.25,-21.46875,-22.25,-21.46875,2.1724400056655213e-10,4.745044912546348e-10,6.0,8.0,2.1043689457656e-07,1.1263045962550677e-06,0.0351123595505618,0.0351123595505618
P19,T04,4,5,1,-22.5625,15.0625,-22.5625,13.125,1.5893909799391537e-10,0.999994158744812,6.0,1.0,2.2936433197173756e-07,8.726729720365256e-05,1.667590027700831,1.5817174515235457
P19,T04,4,6,0,-20.34375,-12.625,-20.34375,-12.625,1.4615767485182118e-09,3.2886136978049763e-06,6.0,3.0,3.8034642102502403e-07,0.0005414896295405924,0.3794162826420891,0.3794162826420891
P19,T04,4,7,1,-23.125,23.90625,-23.125,16.75,9.056076721858375e-11,0.9999998807907104,7.0,1.0,1.3629644968204957e-07,1.2862541325375787e-06,2.0337837837837838,1.7243243243243243
P19,T04,5,0,0,-21.1875,-0.3749999403953552,-21.1875,-0.3749999403953552,6.286163256596922e-10,0.36672431230545044,7.0,2.0,4.751357494114927e-07,1.1143990755081177,0.9823008877689507,0.9823008877689507
P19,T04,5,1,0,-20.1875,-15.8125,-20.1875,-15.8125,1.708756136586942e-09,1.3574263846294343e-07,6.0,7.0,1.774091288098134e-06,7.495436875615269e-05,0.21671826625386997,0.21671826625386997
P19,T04,5,2,1,-22.03125,3.0,-22.03125,3.0,2.703645085588846e-10,0.9503946304321289,7.0,1.0,2.1875052880204748e-07,0.20970138907432556,1.1361702127659574,1.1361702127659574
P19,T04,5,3,0,-22.3125,-21.5,-22.3125,-21.5,2.0408184864262324e-10,4.5990553032559944e-10,7.0,6.0,2.4811541265989945e-07,5.171253860680736e-07,0.036414565826330535,0.036414565826330535
P19,T04,5,4,0,-20.375,-13.125,-20.375,-13.125,1.4166088302403068e-09,1.994714921238483e-06,6.0,3.0,8.628163641333231e-07,0.0001368394587188959,0.3558282208588957,0.3558282208588957
P19,T04,5,5,0,-16.5625,-16.3125,-16.5625,-16.3125,6.412032860225736e-08,8.233232762222542e-08,10.0,5.0,6.838656554464251e-05,3.073852712986991e-05,0.01509433962264151,0.01509433962264151
P19,T04,5,6,1,-21.375,11.5,-21.375,9.625,5.211412412720051e-10,0.9998226761817932,6.0,1.0,3.037642102299287e-07,0.002035862533375621,1.5380116959064327,1.4502923976608186
P19,T04,5,7,1,-20.21875,4.0,-20.21875,2.25,1.6561834126349595e-09,0.7383589744567871,8.0,1.0,1.2458131095627323e-06,1.0290988683700562,1.1978361669242659,1.1112828438948996
P19,T04,6,0,0,-20.09375,-16.5,-20.09375,-16.5,1.876701682945736e-09,6.825543152899627e-08,7.0,10.0,1.4231673048925586e-06,0.00012762709229718894,0.17884914463452567,0.17884914463452567
P19,T04,6,1,1,-22.125,18.25,-22.125,15.0625,2.4616969573898473e-10,0.9999994039535522,8.0,1.0,5.778185823146487e-07,8.701645128894597e-06,1.8248587570621468,1.6807909604519775
P19,T05,0,0,1,-16.3125,14.0,-16.3125,11.25,8.233229209508863e-08,0.9999581575393677,7.0,1.0,3.814121737377718e-05,0.0005395630723796785,1.8582375478927202,1.6896551724137931
P19,T05,0,1,1,-18.75,8.125,-18.75,8.125,7.194131068644083e-09,0.9992583394050598,7.0,1.0,4.558549335342832e-06,0.007414312567561865,1.4333333333333333,1.4333333333333333
P19,T05,0,2,1,-17.0,18.75,-17.0,13.875,4.139931419899767e-08,0.9999986886978149,8.0,1.0,2.2928692487766966e-05,2.2402105969376862e-05,2.1029411764705883,1.8161764705882353
P19,T05,0,3,1,-11.75,18.875,-11.75,13.375,7.882649697421584e-06,0.9999977350234985,8.0,1.0,0.007759728468954563,3.462853783275932e-05,2.606382978723404,2.1382978723404253
P19,T05,0,4,1,-12.125,5.375,-12.125,3.875,5.421259629656561e-06,0.972732663154602,8.0,1.0,0.002070756396278739,0.14933277666568756,1.443298969072165,1.3195876288659794
P19,T05,0,5,1,-16.8125,10.5,-16.8125,7.625,4.993715307932689e-08,0.9989302754402161,6.0,1.0,1.0450710760778747e-05,0.010249507613480091,1.6245353159851301,1.453531598513011
P19,T05,0,6,1,-12.75,20.71875,-12.75,14.875,2.9018060558883008e-06,0.9999994039535522,9.0,1.0,0.002006548922508955,9.81916946329875e-06,2.625,2.1666666666666665
P19,T05,0,7,1,-13.0625,23.125,-13.0625,16.75,2.1233563529676758e-06,1.0,4.0,1.0,0.00017791090067476034,1.021323100758309e-06,2.770334928229665,2.2822966507177034
P19,T05,1,0,1,-20.0625,15.9375,-20.0625,12.75,1.9362746961348876e-09,0.9999929666519165,5.0,1.0,9.936064770954545e-07,0.00010258052498102188,1.794392523364486,1.6355140186915889
P19,T05,1,1,0,-19.96875,-10.375,-19.96875,-10.375,2.1265815774995644e-09,3.11960066028405e-05,7.0,5.0,1.2270614888620912e-06,0.002510898746550083,0.48043818466353677,0.48043818466353677
P19,T05,1,2,1,-18.0625,17.25,-18.0625,13.625,1.4307239837307861e-08,0.9999967813491821,5.0,1.0,2.988532742165262e-06,5.0576054491102695e-05,1.9550173010380623,1.754325259515571
P19,T05,1,3,1,-20.40625,22.96875,-20.40625,16.6875,1.3730243608733872e-09,0.9999998807907104,8.0,1.0,1.1544817652975325e-06,1.292222123083775e-06,2.125574272588055,1.8177641653905054
P19,T05,1,4,1,-14.5625,14.5,-14.5625,12.0,4.73777561182942e-07,0.9999809265136719,10.0,1.0,0.00037419478758238256,0.00026244675973430276,1.9957081545064377,1.8240343347639485
P19,T05,1,5,1,-20.46875,23.25,-20.46875,17.8125,1.2898370149727612e-09,1.0,6.0,1.0,4.867596317126299e-07,5.565575520449784e-07,2.13587786259542,1.8702290076335877
P19,T05,1,6,1,-16.25,21.875,-16.25,15.875,8.764232717339837e-08,0.9999998807907104,5.0,1.0,2.7583913833950646e-05,3.3981732485699467e-06,2.3461538461538463,1.976923076923077
P19,T05,1,7,0,-20.0,-17.375,-20.0,-17.375,2.06115369216775e-09,2.8453310818576938e-08,7.0,7.0,7.370762205027859e-07,2.106529427692294e-05,0.13125,0.13125
P19,T05,2,0,0,-10.625,-8.125,-10.625,-8.125,2.4163357011275366e-05,0.00028417675639502704,6.0,6.0,0.04013001173734665,0.21228960156440735,0.23529411764705882,0.23529411764705882
P19,T05,2,1,1,-18.5,15.9375,-18.5,12.25,9.23744902792123e-09,0.9999908208847046,6.0,1.0,3.0272658477770165e-06,0.00012867648911196738,1.8614864864864864,1.662162162162162
P19,T05,2,2,1,-20.875,20.78125,-20.875,15.75,8.592166422793923e-10,0.9999997615814209,9.0,1.0,8.636479265078378e-07,4.362274921732023e-06,1.9955089820359282,1.7544910179640718
P19,T05,2,3,1,-11.5,11.125,-11.5,9.5,1.0124128493771423e-05,0.9997511506080627,8.0,1.0,0.005892013665288687,0.002786808181554079,1.9673913043478262,1.826086956521739
P19,T05,2,4,1,-19.5625,21.09375,-19.5625,15.5625,3.192377029392901e-09,0.9999997615814209,8.0,1.0,1.1175882264069514e-06,3.890189418598311e-06,2.0782747603833864,1.7955271565495208
P19,T05,2,5,1,-18.4375,17.1875,-18.4375,13.875,9.833210690146643e-09,0.9999966621398926,9.0,1.0,5.956948825769359e-06,5.083833821117878e-05,1.9322033898305084,1.7525423728813558
P19,T05,2,6,1,-19.5,11.5,-19.5,7.625,3.3982674452204265e-09,0.9990032315254211,8.0,1.0,2.398329343122896e-06,0.009320072829723358,1.5897435897435896,1.391025641025641
P19,T05,2,7,1,-11.0,24.78125,-11.0,18.9375,1.668033110036049e-05,1.0,9.0,1.0,0.011539011262357235,1.5303479017347854e-07,3.252840909090909,2.721590909090909
P19,T05,3,0,1,-18.6875,6.125,-18.6875,2.875,7.658114142827799e-09,0.9167045950889587,7.0,1.0,2.0983222839277005e-06,0.3699352443218231,1.3277591973244147,1.1538461538461537
P19,T05,3,1,1,-18.375,11.5,-18.375,7.875,1.0467397615343543e-08,0.9994369149208069,8.0,1.0,6.106142791395541e-06,0.005463074892759323,1.6258503401360545,1.4285714285714286
P19,T05,3,2,1,-16.9375,23.1875,-16.9375,17.375,4.4069395244150655e-08,1.0,4.0,1.0,7.788630682625808e-06,6.355543291647336e-07,2.3690036900369003,2.025830258302583
P19,T05,3,3,1,-18.75,17.5,-18.75,12.8125,7.194131956822503e-09,0.9999948740005493,7.0,1.0,3.5945679428550648e-06,7.4008981755469e-05,1.9333333333333333,1.6833333333333333
P19,T05,3,4,1,-14.1875,15.0,-14.1875,11.625,6.89354351379734e-07,0.9999762773513794,7.0,1.0,0.00014827419363427907,0.0003177347534801811,2.05726872246696,1.8193832599118942
P19,T05,3,5,1,-19.5,17.75,-19.5,14.25,3.3982674452204265e-09,0.9999980926513672,6.0,1.0,1.5204458350126515e-06,3.067401848966256e-05,1.9102564102564104,1.7307692307692308
P19,T05,3,6,1,-16.1875,11.875,-16.1875,7.75,9.329479411235297e-08,0.9993563294410706,5.0,1.0,2.637402394611854e-05,0.006160692777484655,1.7335907335907337,1.4787644787644787
P19,T05,3,7,1,-20.0,5.375,-20.0,5.375,2.061153470123145e-09,0.993640124797821,7.0,1.0,1.5425888477693661e-06,0.04532548040151596,1.26875,1.26875
P19,T05,4,0,1,-19.3125,7.125,-19.3125,2.25,4.099093509069007e-09,0.898155689239502,6.0,1.0,1.1238012120884378e-06,0.36693644523620605,1.3689320388349515,1.116504854368932
P19,T05,4,1,1,-18.1875,9.5,-18.1875,7.75,1.2626090395428946e-08,0.9984978437423706,8.0,1.0,1.0057303370558657e-05,0.013834995217621326,1.52233676975945,1.4261168384879725
P19,T05,4,2,1,-19.375,20.5625,-19.375,13.25,3.850741503441668e-09,0.9999979734420776,8.0,1.0,2.505425982235465e-06,2.9735065254499204e-05,2.0612903225806454,1.6838709677419355
P19,T05,4,3,1,-19.25,21.03125,-19.25,15.4375,4.363462036138799e-09,0.9999997615814209,6.0,1.0,1.2372346418487723e-06,4.939412065141369e-06,2.0925324675324677,1.801948051948052
P19,T05,4,4,1,-19.25,17.375,-19.25,12.75,4.363461592049589e-09,0.9999947547912598,8.0,1.0,2.394311195530463e-06,7.570140587631613e-05,1.9025974025974026,1.6623376623376624
P19,T05,4,5,1,-17.625,13.625,-17.625,11.0,2.2159477808258998e-08,0.9999452829360962,7.0,1.0,1.2106169378967024e-05,0.0006934910779818892,1.7730496453900708,1.624113475177305
P19,T05,4,6,1,-16.9375,10.625,-16.9375,7.75,4.40693206371634e-08,0.9992843270301819,8.0,1.0,3.196250690962188e-05,0.006909615360200405,1.6273062730627306,1.4575645756457565
P19,T05,4,7,1,-18.0,19.25,-18.0,14.875,1.5229963068463803e-08,0.9999992847442627,9.0,1.0,1.6153482647496276e-05,1.3358806427277159e-05,2.0694444444444446,1.8263888888888888
P19,T05,5,0,1,-15.0625,10.0,-15.0625,7.875,2.8736735657730605e-07,0.999241828918457,5.0,1.0,6.790998304495588e-05,0.0074225421994924545,1.6639004149377594,1.5228215767634854
P19,T05,5,1,1,-17.1875,15.8125,-17.1875,12.75,3.4321271158432864e-08,0.999990701675415,5.0,1.0,8.967610483523458e-06,0.00013364761252887547,1.92,1.7418181818181817
P19,T05,5,2,1,-19.625,13.0625,-19.625,10.125,2.998960191291644e-09,0.9999324083328247,9.0,1.0,4.433295998751419e-06,0.0008101323619484901,1.6656050955414012,1.515923566878981
P19,T05,5,3,0,-18.5,-15.1875,-18.5,-15.1875,9.23744902792123e-09,2.536011436404806e-07,6.0,5.0,3.0335745577758644e-06,4.892115975962952e-05,0.17905405405405406,0.17905405405405406
P19,T05,5,4,1,-15.8125,20.625,-15.8125,15.9375,1.3574312163200375e-07,0.9999998807907104,6.0,1.0,2.4960194423329085e-05,3.693864528031554e-06,2.3043478260869565,2.007905138339921
P19,T05,5,5,1,-9.0,7.375,-9.0,5.375,0.00012079282896593213,0.9909479022026062,8.0,1.0,0.13071615993976593,0.06575720012187958,1.8194444444444444,1.5972222222222223
P19,T05,5,6,1,-8.625,21.875,-8.625,17.0625,0.00017855958139989525,1.0,5.0,1.0,0.041571713984012604,1.6028993741201703e-06,3.536231884057971,2.9782608695652173
P19,T05,5,7,1,-19.75,21.0,-19.75,14.1875,2.64657362691878e-09,0.9999992847442627,7.0,1.0,1.1673940889522783e-06,1.2454863281163853e-05,2.0632911392405062,1.7183544303797469
P19,T05,6,0,1,-19.6875,15.0625,-19.6875,12.25,2.8172624233491206e-09,0.9999796152114868,7.0,1.0,1.5658463325962657e-06,0.0002792995364870876,1.765079365079365,1.6222222222222222
P19,T05,6,1,1,-11.375,24.15625,-11.375,17.5,1.147215789387701e-05,1.0,8.0,1.0,0.005964567419141531,5.964388947177213e-07,3.1236263736263736,2.5384615384615383
P19,T06,0,0,1,-11.875,7.625,-11.875,3.0,6.9617121880583e-06,0.9122014045715332,7.0,1.0,0.0010636644437909126,0.41991478204727173,1.6421052631578947,1.2526315789473683
P19,T06,0,1,1,-14.375,17.5625,-14.375,12.5,5.714937856282631e-07,0.9999935626983643,9.0,1.0,0.00017523771384730935,9.195514576276764e-05,2.2217391304347824,1.8695652173913044
P19,T06,0,2,1,-15.5,20.59375,-15.5,15.1875,1.8553856762082432e-07,0.9999997615814209,7.0,1.0,4.964051186107099e-05,5.631922249449417e-06,2.3286290322580645,1.9798387096774193
P19,T06,0,3,1,-14.1875,24.015625,-14.1875,18.25,6.893540103192208e-07,1.0,9.0,1.0,0.0001589932362549007,2.6530059926699323e-07,2.69273127753304,2.2863436123348015
P19,T06,0,4,1,-21.375,13.5,-21.375,9.875,5.211412412720051e-10,0.9998652935028076,8.0,1.0,5.262383524495817e-07,0.0015688801649957895,1.631578947368421,1.4619883040935673
P19,T06,0,5,1,-16.375,23.125,-16.375,18.625,7.7343969451249e-08,1.0,10.0,1.0,4.9479240260552615e-05,2.3822090611247404e-07,2.4122137404580153,2.1374045801526718
P19,T06,0,6,1,-21.0,23.46875,-21.0,18.0625,7.582560135332983e-10,1.0,8.0,1.0,6.200671123224311e-07,5.641959432978183e-07,2.1175595238095237,1.8601190476190477
P19,T06,0,7,1,-21.03125,21.34375,-21.03125,17.5625,7.349269526280011e-10,1.0,8.0,1.0,1.0843194786502863e-06,1.25644749005005e-06,2.014858841010401,1.8350668647845467
P19,T06,1,0,1,-19.90625,23.0625,-19.90625,17.375,2.2637340890696578e-09,1.0,8.0,1.0,2.8219164960319176e-06,6.903490543663793e-07,2.1585557299843012,1.8728414442700156
P19,T06,1,1,1,-20.28125,19.125,-20.28125,15.625,1.5558401234017083e-09,0.9999997615814209,9.0,1.0,2.5881856799969682e-06,4.5689685066463426e-06,1.9429892141756548,1.7704160246533127
P19,T06,1,2,1,-15.75,21.375,-15.75,16.9375,1.444976760467398e-07,1.0,8.0,1.0,3.789463880821131e-05,1.3386401178649976e-06,2.357142857142857,2.0753968253968256
P19,T06,1,3,1,-12.8125,23.09375,-12.8125,16.75,2.7263031370239332e-06,1.0,9.0,1.0,0.000809777295216918,1.0854887477762531e-06,2.8024390243902437,2.3073170731707315
P19,T06,1,4,1,-11.125,23.234375,-11.125,18.75,1.4734659089299385e-05,1.0,7.0,1.0,0.003338348586112261,2.419682232357445e-07,3.0884831460674156,2.6853932584269664
P19,T06,1,5,1,-16.0625,23.84375,-16.0625,18.125,1.0571662301117613e-07,1.0,9.0,1.0,5.587218765867874e-05,3.0740304168830335e-07,2.4844357976653697,2.1284046692607004
P19,T06,1,6,1,-12.125,21.875,-12.125,17.9375,5.421698915597517e-06,1.0,8.0,1.0,0.001240469515323639,6.934965313121211e-07,2.804123711340206,2.479381443298969
P19,T06,1,7,1,-12.25,10.125,-12.25,6.25,4.78485890198499e-06,0.9952569603919983,7.0,1.0,0.0006983183557167649,0.03743970766663551,1.8265306122448979,1.510204081632653
P19,T06,2,0,1,-13.4375,15.4375,-13.4375,11.25,1.4593507557947305e-06,0.999976634979248,8.0,1.0,0.00026528502348810434,0.00030663289362564683,2.1488372093023256,1.8372093023255813
P19,T06,2,1,0,-15.3125,5.25,-15.3125,0.625,2.23801279730651e-07,0.4414805471897125,9.0,1.0,0.00010782394383568317,1.589181661605835,1.3428571428571427,1.0408163265306123
P19,T06,2,2,1,-10.75,21.125,-10.75,14.75,2.141568074875977e-05,0.9999995231628418,6.0,1.0,0.011484235525131226,8.077990969468374e-06,2.9651162790697674,2.372093023255814
P19,T06,2,3,1,-11.25,16.4375,-11.25,13.1875,1.3005159416934475e-05,0.9999924898147583,9.0,1.0,0.0019487914396449924,0.0001087083073798567,2.4611111111111112,2.172222222222222
P19,T06,2,4,1,-15.0625,22.21875,-15.0625,16.875,2.873651396839705e-07,0.9999998807907104,9.0,1.0,0.00017135027155745775,1.3825235782860545e-06,2.475103734439834,2.120331950207469
P19,T06,2,5,1,-15.999999046325684,19.9375,-15.999999046325684,15.1875,1.125349982089574e-07,0.9999995231628418,8.0,1.0,3.899622242897749e-05,8.71236261446029e-06,2.2460938242729798,1.9492188065778497
P19,T06,2,6,1,-13.9375,24.671875,-13.9375,18.6875,8.851420716382563e-07,1.0,9.0,1.0,0.0002476790687069297,2.183958685009202e-07,2.7701793721973096,2.3408071748878925
P19,T06,2,7,1,-18.3125,20.28125,-18.3125,15.125,1.1142486044946054e-08,0.9999996423721313,8.0,1.0,7.405004907923285e-06,6.010376637277659e-06,2.1075085324232083,1.825938566552901
P19,T06,3,0,1,-19.375,22.84375,-19.375,16.6875,3.850740615263248e-09,0.9999998807907104,9.0,1.0,7.081157946231542e-06,1.2028017408738378e-06,2.1790322580645163,1.8612903225806452
P19,T06,3,1,1,-14.5625,4.25,-14.5625,4.25,4.7378574663525796e-07,0.9851166605949402,9.0,1.0,0.00015298037033062428,0.08143924176692963,1.2918454935622317,1.2918454935622317
P19,T06,3,2,1,-17.875,9.25,-17.875,5.875,1.725781828554318e-08,0.9925752878189087,9.0,1.0,1.0733577255450655e-05,0.05537039786577225,1.5174825174825175,1.3286713286713288
P19,T06,3,3,1,-17.625,23.1875,-17.625,19.625,2.215947247918848e-08,1.0,8.0,1.0,1.2609633813553955e-05,1.606492787686875e-07,2.3156028368794326,2.1134751773049647
P19,T06,3,4,1,-20.96875,22.59375,-20.96875,17.875,7.823256487071717e-10,1.0,8.0,1.0,5.801311999675818e-07,4.5484028987630154e-07,2.0774962742175855,1.8524590163934427
P19,T06,3,5,1,-20.5,21.65625,-20.5,16.0,1.2501527590913497e-09,0.9999998807907104,8.0,1.0,2.139284788427176e-06,3.1751317237649346e-06,2.0564024390243905,1.7804878048780488
P19,T06,3,6,1,-21.3125,10.125,-21.3125,3.75,5.547519665860534e-10,0.9743592739105225,8.0,1.0,9.873981525743147e-07,0.13185612857341766,1.4750733137829912,1.1759530791788857
P19,T06,3,7,0,-12.625,2.125,-12.625,-4.25,3.288618700025836e-06,0.0074562812224030495,7.0,6.0,0.0005630187806673348,1.1913769245147705,1.1683168316831682,0.6633663366336634
P19,T06,4,0,1,-19.0625,17.5,-19.0625,13.5,5.263337321537165e-09,0.9999966621398926,9.0,1.0,8.371697731490713e-06,4.960776641382836e-05,1.9180327868852458,1.7081967213114755
P19,T06,4,1,1,-14.6875,17.25,-14.6875,12.75,4.181165706995671e-07,0.999994158744812,7.0,1.0,8.386465924559161e-05,8.525941666448489e-05,2.174468085106383,1.8680851063829786
P19,T06,4,2,1,-17.75,24.4375,-17.75,18.8125,1.955566908407036e-08,1.0,8.0,1.0,1.1622110832831822e-05,3.3005841260091984e-07,2.3767605633802815,2.0598591549295775
P19,T06,4,3,1,-23.796875,18.375,-23.796875,14.125,4.625391736290396e-11,0.9999977350234985,8.0,1.0,1.1452866743866252e-07,3.495157216093503e-05,1.7721602101116218,1.5935653315824032
P19,T06,4,4,1,-21.34375,22.40625,-21.34375,17.125,5.37684063939281e-10,1.0,9.0,1.0,7.553158525297476e-07,1.235699642165855e-06,2.049780380673499,1.802342606149341
P19,T06,4,5,1,-17.5,18.375,-17.5,14.375,2.5109967438652347e-08,0.9999984502792358,8.0,1.0,1.7138003386207856e-05,2.6733770937426016e-05,2.05,1.8214285714285714
P19,T06,4,6,1,-17.5,4.375,-17.5,-0.875,2.5109955004154472e-08,0.22995564341545105,8.0,2.0,2.2387188437278382e-05,1.3778082132339478,1.25,0.95
P19,T06,4,7,0,-14.125,0.75,-14.125,-6.75,7.338134082601755e-07,0.0011210162192583084,9.0,6.0,0.0001613431377336383,0.23987212777137756,1.0530973451327434,0.5221238938053098
P19,T06,5,0,0,-20.40625,5.625,-20.40625,0.0,1.3730243608733872e-09,0.4102214574813843,8.0,1.0,1.0636520073603606e-06,1.2069928646087646,1.2756508422664625,1.0
P19,T06,5,1,1,-14.4375,22.3125,-14.4375,16.8125,5.368681854633905e-07,0.9999998807907104,8.0,1.0,0.00018906347395386547,1.6030847973524942e-06,2.5454545454545454,2.1645021645021645
P19,T06,5,2,1,-22.59375,13.5,-22.59375,11.75,1.5404905129301483e-10,0.9999682903289795,8.0,1.0,4.239626321123069e-07,0.00042247306555509567,1.5975103734439835,1.520055325034578
P19,T06,5,3,1,-11.875,22.8125,-11.875,17.875,6.961699000385124e-06,1.0,6.0,1.0,0.0010763037716969848,8.386389254155802e-07,2.9210526315789473,2.5052631578947366
P19,T06,5,4,1,-20.1875,22.96875,-20.1875,16.375,1.7087563586315468e-09,0.9999998807907104,8.0,1.0,1.1361988754288177e-06,1.8724171013673185e-06,2.137770897832817,1.8111455108359134
P19,T06,5,5,1,-16.9375,8.0,-16.9375,1.125,4.4069302873595007e-08,0.7437017560005188,8.0,1.0,3.6629575333790854e-05,0.6366554498672485,1.4723247232472325,1.066420664206642
P19,T06,5,6,1,-13.0625,14.5625,-13.0625,11.625,2.123294962075306e-06,0.9999760389328003,7.0,1.0,0.0005391948507167399,0.00032158364774659276,2.1148325358851676,1.8899521531100478
P19,T06,5,7,1,-18.375,13.5,-18.375,11.125,1.0467395838986704e-08,0.9999537467956543,8.0,1.0,9.169378245132975e-06,0.0005944017902947962,1.7346938775510203,1.6054421768707483
P19,T06,6,0,1,-18.9375,18.1875,-18.9375,13.125,5.9641429572820925e-09,0.9999961853027344,8.0,1.0,6.3330471675726585e-06,5.776240868726745e-05,1.9603960396039604,1.693069306930693
P19,T06,6,1,1,-17.3125,19.625,-17.3125,15.0625,3.028839046237408e-08,0.9999996423721313,9.0,1.0,2.273919562867377e-05,7.072419066389557e-06,2.1335740072202167,1.8700361010830324
P19,T07,0,0,0,-20.1875,-3.374999523162842,-20.1875,-9.125,1.708756136586942e-09,0.0001082343005691655,7.0,8.0,2.359301106480416e-06,0.04728410765528679,0.8328173610817168,0.5479876160990712
P19,T07,0,1,1,-24.203125,14.5625,-24.203125,11.125,3.081174898555972e-11,0.9999643564224243,6.0,1.0,3.9420903874543e-08,0.0004495661414694041,1.6016785022595224,1.459651387992253
P19,T07,0,2,0,-21.84375,2.0,-21.84375,-5.0,3.2612185174585306e-10,0.006620711646974087,9.0,2.0,7.981182648109097e-07,0.11647867411375046,1.0915593705293276,0.771101573676681
P19,T07,0,3,1,-24.234375,7.875,-24.234375,5.0,2.986377117819572e-11,0.991731584072113,7.0,1.0,6.152507125989359e-08,0.05457528680562973,1.3249516441005802,1.2063185041908446
P19,T07,0,4,0,-20.4375,-2.375,-20.4375,-2.375,1.3307807078533074e-09,0.08059346675872803,7.0,2.0,1.8926546090369811e-06,0.5518850088119507,0.8837920489296636,0.8837920489296636
P19,T07,0,5,1,-24.90625,6.5,-24.90625,1.875,1.5252922189179507e-11,0.7028639912605286,6.0,1.0,4.629315242254961e-08,1.087131142616272,1.2609786700125472,1.0752823086574654
P19,T07,0,6,1,-10.75,7.5,-10.75,4.625,2.1443112927954644e-05,0.9795776009559631,3.0,1.0,0.001277381437830627,0.1329103708267212,1.697674418604651,1.430232558139535
P19,T07,0,7,0,-23.65625,2.125,-23.65625,-3.0,5.323793142442135e-11,0.04634873941540718,9.0,2.0,1.1032440738745208e-07,0.3300725519657135,1.0898282694848085,0.8731836195508587
P19,T07,1,0,1,-25.9375,13.375,-25.9375,10.125,5.438597055346106e-12,0.9999089241027832,10.0,1.0,8.786336991306598e-08,0.0010854569263756275,1.5156626506024096,1.3903614457831326
P19,T07,1,1,1,-23.78125,22.53125,-23.78125,16.9375,4.698230693378491e-11,1.0,8.0,1.0,9.78390701789067e-08,1.0883397862926358e-06,1.947437582128778,1.7122207621550591
P19,T07,1,2,1,-25.171875,15.125,-25.171875,11.25,1.169482132662436e-11,0.9999769926071167,9.0,1.0,5.331050800805315e-08,0.0003004692553076893,1.600869025450031,1.446927374301676
P19,T07,1,3,1,-24.5,10.375,-24.5,6.5,2.2897348947448215e-11,0.9975923895835876,8.0,1.0,3.6240269452036955e-08,0.0202101431787014,1.4234693877551021,1.2653061224489797
P19,T07,1,4,1,-24.953125,7.125,-24.953125,4.875,1.4554440985747874e-11,0.9881770014762878,9.0,1.0,2.962435807774e-08,0.0797458365559578,1.2855353788353163,1.19536631183469
P19,T07,1,5,1,-24.328125,8.875,-24.328125,4.75,2.719127353834061e-11,0.9907097816467285,9.0,1.0,2.93795245909223e-08,0.056649573147296906,1.3648041104688504,1.1952472703917791
P19,T07,1,6,1,-22.40625,17.0625,-22.40625,12.9375,1.85818638254176e-10,0.9999966621398926,10.0,1.0,8.822126460472646e-07,4.8868336307350546e-05,1.7615062761506277,1.5774058577405858
P19,T07,1,7,1,-25.921875,10.125,-25.921875,10.125,5.524242521759426e-12,0.9998297691345215,9.0,1.0,1.2100142221527221e-08,0.0019744718447327614,1.3905967450271248,1.3905967450271248
P19,T07,2,0,1,-23.796875,19.0,-23.796875,14.1875,4.625391736290396e-11,0.9999988079071045,9.0,1.0,1.4026421979451698e-07,1.947325472428929e-05,1.798424162836507,1.5961917268548917
P19,T07,2,1,1,-24.0,15.125,-24.0,11.0,3.775134371775124e-11,0.9999551773071289,6.0,1.0,3.6514954615540773e-08,0.0005611449596472085,1.6302083333333333,1.4583333333333333
P19,T07,2,2,1,-19.3125,9.25,-19.3125,5.0,4.0990930649797974e-09,0.992908239364624,8.0,1.0,2.9188336156948935e-06,0.04443297162652016,1.4789644012944985,1.2588996763754046
P19,T07,2,3,1,-21.3125,7.875,-21.3125,3.5,5.547519665860534e-10,0.9672060608863831,9.0,1.0,7.919799145383877e-07,0.16236716508865356,1.3695014662756597,1.1642228739002933
P19,T07,2,4,1,-24.453125,17.9375,-24.453125,13.9375,2.399621473747615e-11,0.9999977350234985,9.0,1.0,4.411804965798183e-08,3.656478656921536e-05,1.7335463258785941,1.5699680511182108
P19,T07,2,5,0,-24.171875,0.75,-24.171875,-7.125,3.178982077578496e-11,0.0007444060756824911,9.0,5.0,5.399584779297584e-07,0.30394548177719116,1.031027795733678,0.7052359405300582
P19,T07,2,6,1,-22.375,19.375,-22.375,13.5,1.917171560394948e-10,0.999997615814209,9.0,1.0,2.2084208239903091e-07,3.663223469629884e-05,1.8659217877094971,1.6033519553072626
P19,T07,2,7,1,-23.984375,17.8125,-23.984375,13.625,3.834584386130935e-11,0.9999977350234985,9.0,1.0,1.0542661499357564e-07,3.36094708472956e-05,1.742671009771987,1.5680781758957654
P19,T07,3,0,1,-25.15625,9.75,-25.15625,4.625,1.18789873770897e-11,0.98973548412323,9.0,1.0,8.486843228183716e-08,0.06040577217936516,1.387577639751553,1.1838509316770187
P19,T07,3,1,0,-6.375,2.125,-6.375,-1.3749998807907104,0.0016984845278784633,0.12235703319311142,2.0,3.0,0.023693863302469254,1.5747748613357544,1.3333333333333333,0.7843137441896925
P19,T07,3,2,1,-23.25,18.25,-23.25,12.25,7.99195987166712e-11,0.9999938011169434,9.0,1.0,9.910818477010253e-08,8.576038817409426e-05,1.7849462365591398,1.5268817204301075
P19,T07,3,3,1,-24.734375,11.75,-24.734375,9.25,1.8113293850929857e-11,0.9996943473815918,9.0,1.0,5.8569305849687225e-08,0.003346380079165101,1.4750473783954516,1.3739734680985471
P19,T07,3,4,1,-15.625,13.0,-15.625,9.875,1.637372122331726e-07,0.9998592138290405,6.0,1.0,4.900040221400559e-05,0.0016357834683731198,1.832,1.632
P19,T07,3,5,0,-15.875,-1.625,-15.875,-1.625,1.275187031524183e-07,0.15992847084999084,8.0,2.0,4.203690332360566e-05,0.5962483882904053,0.8976377952755905,0.8976377952755905
P19,T07,3,6,1,-26.0,9.875,-26.0,6.5,5.1090889331695255e-12,0.9972972273826599,9.0,1.0,5.396799096502036e-08,0.022597769275307655,1.3798076923076923,1.25
P19,T07,3,7,1,-24.8125,10.875,-24.8125,6.875,1.6752058074054332e-11,0.9985266923904419,9.0,1.0,8.023479125540689e-08,0.012804849073290825,1.438287153652393,1.2770780856423174
P19,T07,4,0,0,-22.40625,2.25,-22.40625,-9.25,1.85818638254176e-10,9.608027903595939e-05,7.0,2.0,1.5871006553425104e-07,0.0035871046129614115,1.100418410041841,0.5871687587168759
P19,T07,4,1,1,-20.0,15.875,-20.0,11.375,2.061153470123145e-09,0.9999713897705078,7.0,1.0,2.3185275495052338e-06,0.00036811328027397394,1.79375,1.56875
P19,T07,4,2,1,-23.3125,17.0625,-23.3125,13.25,7.507751365043447e-11,0.9999964237213135,8.0,1.0,1.2178634278825484e-07,5.27185075043235e-05,1.7319034852546917,1.5683646112600536
P19,T07,4,3,1,-19.6875,11.875,-19.6875,9.375,2.8172622013045157e-09,0.9997283816337585,10.0,1.0,3.7495740343729267e-06,0.0030200639739632607,1.6031746031746033,1.4761904761904763
P19,T07,4,4,0,-25.5,3.125,-25.5,-4.125,8.423463315754276e-12,0.015142272226512432,9.0,2.0,3.3814110622643057e-08,0.35151204466819763,1.1225490196078431,0.8382352941176471
P19,T07,4,5,1,-23.171875,15.9375,-23.171875,11.625,8.641369564355017e-11,0.9999827146530151,10.0,1.0,5.24155097991752e-07,0.00023336522281169891,1.6877950101146324,1.5016857720836143
P19,T07,4,6,1,-24.0,17.25,-24.0,12.9375,3.775134371775124e-11,0.9999958276748657,8.0,1.0,2.1751203860276291e-07,6.236991612240672e-05,1.71875,1.5390625
P19,T07,4,7,1,-20.96875,14.3125,-20.96875,10.125,7.823256487071717e-10,0.9998866319656372,9.0,1.0,7.595621696054877e-07,0.0013218300882726908,1.6825633383010432,1.4828614008941878
P19,T07,5,0,1,-21.9375,25.515625,-21.9375,19.6875,2.969373080752291e-10,1.0,10.0,1.0,2.6052020984934643e-06,7.165820647969667e-08,2.1631054131054133,1.8974358974358974
P19,T07,5,1,1,-25.4140625,21.53125,-25.4140625,16.75,9.179370805134646e-12,0.9999998807907104,9.0,1.0,8.874857115870327e-08,1.998437255679164e-06,1.847217952659084,1.6590839225330465
P19,T07,5,2,1,-21.25,12.75,-21.25,7.25,5.905303468445311e-10,0.9992157220840454,10.0,1.0,2.459365987306228e-06,0.006780881900340319,1.6,1.3411764705882352
P19,T07,5,3,1,-21.625,9.375,-21.625,4.25,4.05865202557365e-10,0.9828231930732727,8.0,1.0,8.909360076359008e-07,0.10031311213970184,1.4335260115606936,1.1965317919075145
P19,T07,5,4,1,-24.984375,19.4375,-24.984375,14.25,1.4106647273914863e-11,0.9999990463256836,9.0,1.0,4.518779306295073e-08,1.395026902173413e-05,1.7779862414008756,1.5703564727954973
P19,T07,5,5,1,-25.09375,11.25,-25.09375,7.125,1.2645116724552263e-11,0.9989787340164185,7.0,1.0,1.9493839431561355e-08,0.009001584723591805,1.448318804483188,1.2839352428393525
P19,T07,5,6,1,-25.890625,13.3125,-25.890625,9.375,5.6996005137754935e-12,0.9998325109481812,9.0,1.0,2.3438397889208318e-08,0.0018831605557352304,1.5141822570911285,1.3621001810500906
P19,T07,5,7,1,-21.90625,14.4375,-21.90625,11.375,3.063631293098723e-10,0.9999672174453735,9.0,1.0,9.259385933546582e-07,0.00043303362326696515,1.659058487874465,1.5192582025677603
P19,T07,6,0,1,-25.3984375,12.9375,-25.3984375,9.25,9.323924445026055e-12,0.9997959733009338,9.0,1.0,5.162999627827958e-08,0.0022761865984648466,1.5093817286988618,1.3641956321131958
P19,T07,6,1,1,-25.203125,11.375,-25.203125,6.875,1.1335009320045941e-11,0.9986259937286377,9.0,1.0,4.0421220148800785e-08,0.011813660152256489,1.4513329200247984,1.272783632982021
P19,T08,0,0,1,-24.8125,8.375,-24.8125,5.0,1.6752058074054332e-11,0.9895888566970825,6.0,1.0,9.177185233966156e-08,0.06926271319389343,1.3375314861460956,1.2015113350125946
P19,T08,0,1,1,-25.84375,18.5625,-25.84375,14.0,5.9731299767440404e-12,0.999998927116394,9.0,1.0,7.234448418103057e-08,1.8938142602564767e-05,1.7182587666263602,1.5417170495767836
P19,T08,0,2,0,-8.125,1.3749998807907104,-8.125,-0.25,0.00029593901126645505,0.38594457507133484,2.0,2.0,0.003464814741164446,1.0369914770126343,1.1692307545588567,0.9692307692307692
P19,T08,0,3,1,-19.8125,20.8125,-19.8125,14.4375,2.486220784803095e-09,0.9999992847442627,10.0,1.0,3.0606533982791007e-05,1.0046059287560638e-05,2.050473186119874,1.7287066246056781
P19,T08,0,4,1,-9.0,19.0625,-9.0,14.4375,0.00012338487431406975,0.9999992847442627,2.0,1.0,0.0021891994401812553,1.1130136044812389e-05,3.1180555555555554,2.6041666666666665
P19,T08,0,5,1,-23.875,20.375,-23.875,14.75,4.2777874992294684e-11,0.9999996423721313,10.0,1.0,1.7664569895714521e-06,7.132906375773018e-06,1.8534031413612566,1.617801047120419
P19,T08,0,6,1,-24.84375,18.4375,-24.84375,14.0,1.623665091265991e-11,0.9999986886978149,7.0,1.0,7.129870027711149e-08,1.8924794858321548e-05,1.7421383647798743,1.5635220125786164
P19,T08,0,7,0,-23.96875,2.125,-23.96875,-6.0,3.8949701103296874e-11,0.0024699463974684477,7.0,2.0,5.560118552239146e-07,0.027797333896160126,1.0886571056062582,0.7496740547588006
P19,T08,1,0,1,-21.21875,22.0625,-21.21875,14.9375,6.092756854592096e-10,0.9999996423721313,8.0,1.0,4.395685209601652e-06,5.5610621529922355e-06,2.039764359351988,1.7039764359351988
P19,T08,1,1,1,-17.1875,8.75,-17.1875,7.0,3.432121786772768e-08,0.9971109628677368,7.0,1.0,3.075895438087173e-05,0.02500954084098339,1.509090909090909,1.4072727272727272
P19,T08,1,2,1,-26.265625,5.25,-26.265625,1.375,3.917274490894407e-12,0.7615355253219604,7.0,1.0,1.4999025665929366e-07,0.7256327271461487,1.199881023200476,1.0523497917906008
P19,T08,1,3,1,-11.25,15.1875,-11.25,11.375,1.3006948393012863e-05,0.9999847412109375,2.0,1.0,0.0003535461728461087,0.00020085506548639387,2.35,2.011111111111111
P19,T08,1,4,1,-15.6875,16.6875,-15.6875,12.625,1.5381674245418253e-07,0.9999957084655762,6.0,1.0,5.99115010118112e-05,6.336086516967043e-05,2.0637450199203187,1.8047808764940239
P19,T08,1,5,1,-7.875,9.375,-7.875,6.0,0.00037991153658367693,0.9968768358230591,2.0,1.0,0.0054350318387150764,0.023978224024176598,2.1904761904761907,1.7619047619047619
P19,T08,1,6,1,-23.75,17.375,-23.75,12.125,4.8473686869998645e-11,0.9999938011169434,6.0,1.0,8.821398012059944e-08,8.352114673471078e-05,1.731578947368421,1.5105263157894737
P19,T08,1,7,1,-13.3125,18.625,-13.3125,13.8125,1.6536515659026918e-06,0.9999986886978149,6.0,1.0,0.0003285796265117824,2.069909533020109e-05,2.39906103286385,2.0375586854460095
P19,T08,2,0,1,-7.5,9.0,-7.5,7.125,0.000552727491594851,0.997424840927124,2.0,1.0,0.0057653081603348255,0.022358253598213196,2.2,1.95
P19,T08,2,1,1,-20.75,9.875,-20.75,7.5,9.736199624299502e-10,0.9989234805107117,8.0,1.0,3.3024266485881526e-06,0.010055488906800747,1.4759036144578312,1.3614457831325302
P19,T08,2,2,1,-24.859375,4.25,-24.859375,4.25,1.5984925189060917e-11,0.9698542356491089,6.0,1.0,8.290728459314778e-08,0.18269416689872742,1.1709616593337524,1.1709616593337524
P19,T08,2,3,1,-23.75,16.6875,-23.75,11.875,4.8473686869998645e-11,0.9999923706054688,6.0,1.0,1.0438540698487486e-07,0.00010146757267648354,1.7026315789473685,1.5
P19,T08,2,4,1,-25.8125,1.875,-25.8125,1.875,6.1627378547535194e-12,0.8663759231567383,7.0,1.0,2.5358321664725736e-08,0.3989918529987335,1.0726392251815982,1.0726392251815982
P19,T08,2,5,0,-17.0625,-4.875,-17.0625,-4.875,3.88911018944782e-08,0.007541872560977936,5.0,2.0,6.743721314705908e-06,0.07672308385372162,0.7142857142857143,0.7142857142857143
P19,T08,2,6,1,-25.109375,17.8125,-25.109375,13.6875,1.2449072155085172e-11,0.9999982118606567,7.0,1.0,7.152603842541794e-08,2.861321991076693e-05,1.7093963907902925,1.5451151213441194
P19,T08,2,7,1,-26.2578125,18.4375,-26.2578125,11.875,3.947998178377432e-12,0.9999927282333374,8.0,1.0,4.804004305469789e-08,9.598533506505191e-05,1.7021719726271942,1.4522463552514133
P19,T08,3,0,1,-7.75,16.0,-7.75,11.875,0.00043035438284277916,0.9999910593032837,2.0,1.0,0.008518287912011147,0.00012066396448062733,3.064516129032258,2.532258064516129
P19,T08,3,1,1,-24.984375,17.875,-24.984375,13.625,1.4106647273914863e-11,0.9999979734420776,7.0,1.0,6.649837303029926e-08,3.076617940678261e-05,1.7154471544715446,1.5453408380237648
P19,T08,3,2,1,-20.125,2.625,-20.125,1.8749998807907104,1.818961425925636e-09,0.7804094552993774,8.0,1.0,3.0949142910685623e-06,0.809505045413971,1.1304347826086956,1.093167695939911
P19,T08,3,3,1,-25.125,12.625,-25.125,7.5,1.2256067688509731e-11,0.9993970394134521,6.0,1.0,6.616096470679622e-08,0.005336301866918802,1.5024875621890548,1.2985074626865671
P19,T08,3,4,1,-25.15625,3.75,-25.15625,3.75,1.18789873770897e-11,0.9725918769836426,10.0,1.0,1.3600498505184078e-07,0.14534199237823486,1.1490683229813665,1.1490683229813665
P19,T08,3,5,1,-22.6875,13.625,-22.6875,10.125,1.4026325934057837e-10,0.9999449253082275,8.0,1.0,7.385179969787714e-07,0.0006536644068546593,1.600550964187328,1.4462809917355373
P19,T08,3,6,0,-12.5,-15.375,-12.5,-15.375,3.726601562448195e-06,2.1024223428867117e-07,3.0,6.0,0.0001905384851852432,8.082271961029619e-05,-0.23,-0.23
P19,T08,3,7,1,-8.75,11.125,-8.75,3.999999761581421,0.00015842232096474618,0.9814248085021973,2.0,1.0,0.002581825014203787,0.09589555859565735,2.2714285714285714,1.4571428298950195
P19,T08,4,0,0,-25.75,0.0,-25.75,0.0,6.5602002996545394e-12,0.49724748730659485,10.0,1.0,2.2638053565060545e-07,0.7315225601196289,1.0,1.0
P19,T08,4,1,1,-24.46875,12.875,-24.46875,9.125,2.3624189410265117e-11,0.9998495578765869,6.0,1.0,1.0098212044340471e-07,0.001627702615223825,1.5261813537675606,1.3729246487867177
P19,T08,4,2,1,-19.8125,12.125,-19.8125,9.625,2.4862243375167736e-09,0.9998371601104736,9.0,1.0,1.1537154023244511e-05,0.0018521355232223868,1.61198738170347,1.4858044164037856
P19,T08,4,3,1,-10.25,12.75,-10.25,9.25,3.53549221472349e-05,0.9998570680618286,2.0,1.0,0.0008840168593451381,0.0015743594849482179,2.2439024390243905,1.9024390243902438
P19,T08,4,4,1,-25.546875,9.375,-25.546875,2.5,8.037724999465645e-12,0.9228945970535278,9.0,1.0,1.1046596171127021e-07,0.2807324230670929,1.3669724770642202,1.0978593272171253
P19,T08,4,5,1,-23.3125,16.3125,-23.3125,11.75,7.507751365043447e-11,0.9999898672103882,6.0,1.0,1.1808948841007805e-07,0.00013491329445969313,1.6997319034852547,1.5040214477211795
P19,T08,4,6,1,-27.513671875,12.0,-27.513671875,8.75,1.1245120503169947e-12,0.9997592568397522,10.0,1.0,1.183038200736064e-08,0.0025330306962132454,1.436146802016043,1.3180237098033647
P19,T08,4,7,1,-23.90625,7.875,-23.90625,7.875,4.146174376051803e-11,0.9994144439697266,10.0,1.0,8.297108706756262e-07,0.005645233206450939,1.3294117647058823,1.3294117647058823
P19,T08,5,0,1,-19.375,22.5625,-19.375,16.4375,3.850741503441668e-09,0.9999998807907104,6.0,1.0,3.6692690628115088e-06,1.7541170791446348e-06,2.164516129032258,1.8483870967741935
P19,T08,5,1,1,-16.4375,22.375,-16.4375,16.8125,7.265800405775735e-08,1.0,8.0,1.0,3.6480705603025854e-05,9.982204574043863e-07,2.3612167300380227,2.0228136882129277
P19,T08,5,2,1,-23.53125,19.0,-23.53125,13.875,6.03264799226011e-11,0.9999986886978149,7.0,1.0,2.578976818767842e-07,2.1366457076510414e-05,1.8074369189907038,1.5896414342629481
P19,T08,5,3,0,-18.5625,-9.125,-18.5625,-9.125,8.677775831245071e-09,0.00010880667832680047,6.0,5.0,9.52341088122921e-06,0.009086793288588524,0.5084175084175084,0.5084175084175084
P19,T08,5,4,1,-9.75,13.625,-9.75,11.0,5.8287547290092334e-05,0.9999690055847168,2.0,1.0,0.001397932879626751,0.0003989527467638254,2.3974358974358974,2.128205128205128
P19,T08,5,5,1,-17.4375,13.875,-17.4375,11.125,2.6729415125714695e-08,0.9999767541885376,7.0,1.0,1.9237615560996346e-05,0.00030057464027777314,1.7956989247311828,1.6379928315412187
P19,T08,5,6,1,-10.75,20.3125,-10.75,14.4375,2.1444529920700006e-05,0.9999994039535522,2.0,1.0,0.0005105859600007534,9.333513844467234e-06,2.88953488372093,2.3430232558139537
P19,T08,5,7,1,-19.8125,16.5,-19.8125,12.5,2.486223005249144e-09,0.9999948740005493,10.0,1.0,1.783216794137843e-05,7.480892236344516e-05,1.832807570977918,1.6309148264984228
P19,T08,6,0,1,-13.5625,13.1875,-13.5625,9.125,1.2878715551778441e-06,0.9998559951782227,5.0,1.0,0.00026057290961034596,0.0015556851867586374,1.9723502304147464,1.672811059907834
P19,T08,6,1,1,-24.125,17.0,-24.125,11.75,3.331544068396752e-11,0.9999905824661255,10.0,1.0,1.8086831232722034e-06,0.0001249882479896769,1.7046632124352332,1.4870466321243523
P19,T09,0,0,1,-15.625,15.625,-15.625,10.75,1.6373749645026692e-07,0.9999747276306152,4.0,1.0,2.4352710170205683e-05,0.00030914522358216345,2.0,1.688
P19,T09,0,1,1,-21.125,19.1875,-21.125,14.375,6.691586174056852e-10,0.9999992847442627,5.0,1.0,2.323791932212771e-07,1.0704598935262766e-05,1.9082840236686391,1.680473372781065
P19,T09,0,2,1,-12.0,11.25,-12.0,9.75,6.143759037513519e-06,0.9998657703399658,4.0,1.0,0.0008754925220273435,0.0015715827466920018,1.9375,1.8125
P19,T09,0,3,0,-20.9375,4.125,-20.9375,-4.875,8.071593393665921e-10,0.007504912093281746,5.0,2.0,2.2958744239076623e-07,0.10787129402160645,1.1970149253731344,0.7671641791044777
P19,T09,0,4,1,-22.1875,18.875,-22.1875,14.625,2.3125502901510941e-10,0.9999995231628418,5.0,1.0,1.5146103748975293e-07,8.57042869029101e-06,1.8507042253521127,1.6591549295774648
P19,T09,0,5,1,-10.625,19.625,-10.625,13.875,2.429111373203341e-05,0.9999990463256836,4.0,1.0,0.004011801443994045,1.4774924238736276e-05,2.847058823529412,2.3058823529411763
P19,T09,0,6,1,-18.625,10.625,-18.625,9.625,8.152019503882002e-09,0.9997597336769104,4.0,1.0,1.7343618310405873e-06,0.0026936212088912725,1.570469798657718,1.516778523489933
P19,T09,0,7,1,-18.125,17.9375,-18.125,12.75,1.3440407897746809e-08,0.9999969005584717,4.0,1.0,2.454205969115719e-06,4.384952990221791e-05,1.9896551724137932,1.703448275862069
P19,T09,1,0,1,-20.625,14.875,-20.625,12.125,1.1032560420787263e-09,0.9999897480010986,3.0,1.0,3.9138876672950573e-07,0.00014091595949139446,1.7212121212121212,1.587878787878788
P19,T09,1,1,1,-14.1875,21.875,-14.1875,16.5625,6.89355999838881e-07,0.9999998807907104,5.0,1.0,0.00011516324593685567,1.3004597576582455e-06,2.541850220264317,2.1674008810572687
P19,T09,1,2,1,-16.75,16.625,-16.75,12.375,5.3157748425292084e-08,0.9999951124191284,4.0,1.0,2.9298427762114443e-05,6.88293221173808e-05,1.992537313432836,1.7388059701492538
P19,T09,1,3,1,-20.71875,6.75,-20.71875,1.375,1.004526017922558e-09,0.7720160484313965,5.0,1.0,1.7235399241144478e-07,0.6759949326515198,1.3257918552036199,1.0663650075414781
P19,T09,1,4,1,-21.28125,9.75,-21.28125,8.0,5.723617135799941e-10,0.9993108510971069,3.0,1.0,1.258112831692415e-07,0.006789188366383314,1.4581497797356828,1.3759177679882526
P19,T09,1,5,1,-10.875,14.125,-10.875,11.375,1.892416548798792e-05,0.9999836683273315,3.0,1.0,0.0008604393806308508,0.0002151814114768058,2.2988505747126435,2.045977011494253
P19,T09,1,6,1,-20.96875,16.375,-20.96875,13.3125,7.823256487071717e-10,0.999997615814209,4.0,1.0,1.18022228434711e-07,3.607289545470849e-05,1.7809239940387482,1.6348733233979136
P19,T09,1,7,1,-17.1875,4.875,-17.1875,0.625,3.432120365687297e-08,0.6232930421829224,5.0,1.0,3.634670429164544e-05,0.8588039875030518,1.2836363636363637,1.0363636363636364
P19,T09,2,0,1,-20.3125,5.25,-20.3125,1.25,1.50797219156118e-09,0.7166822552680969,3.0,1.0,1.36128122107948e-07,0.8960567712783813,1.2584615384615385,1.0615384615384615
P19,T09,2,1,1,-18.0625,16.125,-18.0625,11.25,1.4307238060951022e-08,0.9999861717224121,4.0,1.0,4.807691766472999e-06,0.00017513854254502803,1.8927335640138407,1.6228373702422145
P19,T09,2,2,0,-13.5625,-8.625,-13.5625,-8.625,1.287830741603102e-06,0.0001766463537933305,4.0,4.0,0.0006040523876436055,0.09325677156448364,0.3640552995391705,0.3640552995391705
P19,T09,2,3,1,-16.6875,0.8749999403953552,-16.6875,0.8749999403953552,5.658617041603975e-08,0.6961004137992859,4.0,1.0,1.8807242668117397e-05,0.6845929026603699,1.0524344533570251,1.0524344533570251
P19,T09,2,4,1,-14.25,15.5625,-14.25,11.75,6.475901273006457e-07,0.9999885559082031,5.0,1.0,0.00011199092114111409,0.0001525857805972919,2.0921052631578947,1.8245614035087718
P19,T09,2,5,0,-16.75,3.875000238418579,-16.75,0.25,5.315781947956566e-08,0.5220316052436829,5.0,1.0,9.330332432000432e-06,0.9677025675773621,1.2313432978160346,1.0149253731343284
P19,T09,2,6,1,-19.0625,11.875,-19.0625,9.75,5.263339541983214e-09,0.9998910427093506,5.0,1.0,1.8517432636144804e-06,0.0012665450340136886,1.6229508196721312,1.5114754098360657
P19,T09,2,7,1,-21.1875,18.5,-21.1875,14.25,6.286163256596922e-10,0.9999992847442627,4.0,1.0,1.9561194619654998e-07,1.0831802683242131e-05,1.873156342182891,1.6725663716814159
P19,T09,3,0,1,-21.1875,17.5625,-21.1875,13.375,6.286163256596922e-10,0.9999980926513672,5.0,1.0,3.1113805221139046e-07,2.909539944084827e-05,1.8289085545722714,1.631268436578171
P19,T09,3,1,1,-20.625,13.4375,-20.625,11.0,1.1032560420787263e-09,0.9999723434448242,5.0,1.0,1.885166369675062e-07,0.0003573177964426577,1.6515151515151516,1.5333333333333334
P19,T09,3,2,1,-18.0625,10.125,-18.0625,10.0,1.4307239837307861e-08,0.9998133778572083,4.0,1.0,2.7718942874344066e-06,0.0021439860574901104,1.560553633217993,1.5536332179930796
P19,T09,3,3,1,-17.9375,9.375,-17.9375,8.25,1.6212228004519602e-08,0.9992448091506958,4.0,1.0,2.2179942789080087e-06,0.007619126234203577,1.5226480836236933,1.4599303135888502
P19,T09,3,4,1,-16.9375,9.125,-16.9375,6.75,4.4069395244150655e-08,0.9975076913833618,5.0,1.0,7.653793545614462e-06,0.021459514275193214,1.5387453874538746,1.3985239852398523
P19,T09,3,5,1,-21.6875,15.3125,-21.6875,12.5,3.812750115628205e-10,0.9999936819076538,3.0,1.0,1.2132745723647531e-06,8.943684952100739e-05,1.7060518731988472,1.5763688760806915
P19,T09,3,6,1,-21.25,3.875,-21.25,3.875,5.905304023556823e-10,0.978278636932373,4.0,1.0,4.594306801664061e-07,0.11199420690536499,1.1823529411764706,1.1823529411764706
P19,T09,3,7,1,-21.96875,17.25,-21.96875,13.75,2.8780153260576924e-10,0.9999986886978149,5.0,1.0,2.3021731010430813e-07,1.894894194265362e-05,1.7852062588904694,1.6258890469416785
P19,T09,4,0,0,-18.5625,0.375,-18.5625,-4.5,8.67778027213717e-09,0.010391284711658955,5.0,4.0,2.7626952032733243e-06,0.34239664673805237,1.02020202020202,0.7575757575757576
P19,T09,4,1,1,-15.1875,13.75,-15.1875,10.75,2.536013425924466e-07,0.9999713897705078,4.0,1.0,3.675651896628551e-05,0.0003571337438188493,1.9053497942386832,1.7078189300411524
P19,T09,4,2,1,-14.0625,13.0,-14.0625,11.25,7.811444788785593e-07,0.9999600648880005,3.0,1.0,8.335816528415307e-05,0.0005116852116771042,1.9244444444444444,1.8
P19,T09,4,3,1,-17.25,20.28125,-17.25,15.125,3.2241828762380464e-08,0.9999997615814209,5.0,1.0,1.9917679310310632e-05,4.600417469191598e-06,2.175724637681159,1.8768115942028984
P19,T09,4,4,1,-21.9375,21.5625,-21.9375,15.5,2.9693733583080473e-10,0.9999997615814209,5.0,1.0,2.1760656920832844e-07,3.3608664580242475e-06,1.982905982905983,1.7065527065527066
P19,T09,4,5,1,-13.875,16.25,-13.875,13.375,9.422273024028982e-07,0.9999980926513672,6.0,1.0,0.0002552816004026681,2.895480065490119e-05,2.171171171171171,1.9639639639639639
P19,T09,4,6,1,-17.5625,19.75,-17.5625,15.3125,2.358864925611215e-08,0.9999997615814209,4.0,1.0,3.046824303964968e-06,4.622033429768635e-06,2.1245551601423487,1.8718861209964412
P19,T09,4,7,1,-21.40625,19.3125,-21.40625,14.625,5.051074003503686e-10,0.9999995231628418,5.0,1.0,1.6856839124557155e-07,7.488494702556636e-06,1.9021897810218977,1.6832116788321168
P19,T09,5,0,0,-20.9375,-14.0625,-20.9375,-14.0625,8.071593393665921e-10,7.811441378180461e-07,5.0,4.0,2.0199269101794926e-07,9.208171104546636e-05,0.3283582089552239,0.3283582089552239
P19,T09,5,1,0,-13.375,-9.375,-13.375,-9.375,1.5534866406596848e-06,8.382347004953772e-05,4.0,4.0,0.00012289205915294588,0.07226774841547012,0.29906542056074764,0.29906542056074764
P19,T09,5,2,0,-19.6875,2.25,-19.6875,-4.125,2.8172628674383304e-09,0.015222420915961266,4.0,4.0,5.800176268166979e-07,0.3016541600227356,1.1142857142857143,0.7904761904761904
P19,T09,5,3,0,-21.6875,-15.4375,-21.6875,-15.4375,3.8127506707397174e-10,1.9750495994230732e-07,4.0,5.0,1.2224552392581245e-07,3.400539208087139e-05,0.2881844380403458,0.2881844380403458
P19,T09,5,4,1,-15.625,10.75,-15.625,10.625,1.6373725486573676e-07,0.9998843669891357,4.0,1.0,4.2366467823740095e-05,0.0013828207738697529,1.688,1.68
P19,T09,5,5,0,-21.21875,2.125,-21.21875,-8.0,6.092758519926633e-10,0.0003353030770085752,5.0,2.0,3.5287999367028533e-07,0.0046678869985044,1.1001472754050075,0.6229749631811488
P19,T09,5,6,1,-9.625,18.8125,-9.625,14.4375,6.601405038964003e-05,0.9999992847442627,5.0,1.0,0.006436485797166824,1.1180980436620302e-05,2.9545454545454546,2.5
P19,T09,5,7,0,-20.25,-0.875,-20.25,-0.875,1.605228061585251e-09,0.29388418793678284,5.0,2.0,3.0833075470582116e-07,0.615369975566864,0.9567901234567902,0.9567901234567902
P19,T09,6,0,1,-20.90625,12.0,-20.90625,12.0,8.327813438846476e-10,0.9999842643737793,3.0,1.0,1.9715852772606013e-07,0.00021440270938910544,1.5739910313901346,1.5739910313901346
P19,T09,6,1,1,-11.875,0.875,-11.875,0.25,6.913502602401422e-06,0.4002592861652374,5.0,1.0,0.043175358325242996,1.406329870223999,1.0736842105263158,1.0210526315789474
P19,T10,0,0,1,-23.0625,9.5,-23.0625,5.125,9.640144238431958e-11,0.9916380047798157,4.0,1.0,2.2580426417562194e-08,0.05638591945171356,1.4119241192411924,1.2222222222222223
P19,T10,0,1,0,-23.796875,-22.875,-23.796875,-22.875,4.625391736290396e-11,1.1628233098637253e-10,6.0,5.0,2.5640591871933793e-08,3.898410128044816e-08,0.038739330269205514,0.038739330269205514
P19,T10,0,2,0,-21.9375,-19.8125,-21.9375,-19.8125,2.9693733583080473e-10,2.486225891829008e-09,3.0,4.0,5.793996749048347e-08,8.329809588758508e-07,0.09686609686609686,0.09686609686609686
P19,T10,0,3,1,-23.0625,16.9375,-23.0625,15.1875,9.640144238431958e-11,0.9999996423721313,4.0,1.0,2.449807467996834e-08,7.2040720624499954e-06,1.7344173441734418,1.6585365853658536
P19,T10,0,4,1,-21.5625,7.875,-21.5625,7.875,4.3204126387585973e-10,0.9995902180671692,3.0,1.0,5.6131099768208514e-08,0.0037485475186258554,1.3652173913043477,1.3652173913043477
P19,T10,0,5,0,-22.09375,-15.125,-22.09375,-15.125,2.539839727422333e-10,2.6995630264536885e-07,3.0,5.0,2.4247647445463372e-08,8.080741099547595e-05,0.31541725601131543,0.31541725601131543
P19,T10,0,6,0,-21.78125,-22.09375,-21.78125,-22.09375,3.471549159250742e-10,2.539839727422333e-10,3.0,5.0,3.759488720334048e-08,1.2220384348893276e-07,-0.014347202295552367,-0.014347202295552367
P19,T10,0,7,1,-22.4375,3.625,-22.4375,3.625,1.8010160030001998e-10,0.9563210010528564,3.0,1.0,2.428106427032617e-08,0.24024458229541779,1.1615598885793872,1.1615598885793872
P19,T10,1,0,0,-23.4375,-21.21875,-23.4375,-21.21875,6.625567455786907e-11,6.092758519926633e-10,5.0,5.0,1.6738807673277734e-08,2.5019835447892547e-07,0.09466666666666666,0.09466666666666666
P19,T10,1,1,0,-22.375,-15.0625,-22.375,-15.0625,1.917171560394948e-10,2.873674702641438e-07,3.0,4.0,2.487627348557453e-08,5.9594538470264524e-05,0.3268156424581006,0.3268156424581006
P19,T10,1,2,0,-21.15625,-21.8125,-21.15625,-21.8125,6.485707526593387e-10,3.364740708278191e-10,2.0,4.0,3.7585774492754354e-08,5.658900548155543e-08,-0.0310192023633678,-0.0310192023633678
P19,T10,1,3,1,-22.4375,13.375,-22.4375,10.875,1.8010160030001998e-10,0.9999692440032959,5.0,1.0,3.863509334678383e-08,0.00039050760096870363,1.5961002785515321,1.4846796657381616
P19,T10,1,4,1,-11.375,10.875,-11.375,8.5,1.1473151062091347e-05,0.9996570348739624,4.0,1.0,0.0046087573282420635,0.003558180760592222,1.956043956043956,1.7472527472527473
P19,T10,1,5,1,-16.5625,12.125,-16.5625,9.375,6.41206057139243e-08,0.9998444318771362,2.0,1.0,2.2828535293228924e-06,0.0017567537724971771,1.7320754716981133,1.5660377358490567
P19,T10,1,6,0,-22.0625,-16.25,-22.0625,-16.25,2.620462735691831e-10,8.764246217651817e-08,3.0,3.0,2.228576256868564e-08,5.915243491472211e-06,0.26345609065155806,0.26345609065155806
P19,T10,1,7,1,-21.65625,1.9999998807907104,-21.65625,1.9999998807907104,3.933780523546204e-10,0.8802346587181091,3.0,1.0,2.823599842827207e-08,0.3711821734905243,1.0923520868474788,1.0923520868474788
P19,T10,2,0,0,-22.375,-13.75,-22.375,-13.75,1.917171560394948e-10,1.067654807229701e-06,4.0,5.0,2.8119263362214042e-08,0.0005593292880803347,0.3854748603351955,0.3854748603351955
P19,T10,2,1,0,-21.125,-21.59375,-21.125,-21.59375,6.691586174056852e-10,4.1874875789105204e-10,3.0,3.0,5.831205385220528e-08,9.738875661469137e-08,-0.022189349112426034,-0.022189349112426034
P19,T10,2,2,0,-22.28125,-0.375,-22.28125,-0.375,2.1056009713582569e-10,0.2812373638153076,3.0,2.0,1.9371139359236622e-08,1.229275107383728,0.9831697054698457,0.9831697054698457
P19,T10,2,3,0,-23.0,-21.03125,-23.0,-21.03125,1.0261879540562902e-10,7.349269526280011e-10,6.0,5.0,4.4218793959771574e-08,4.569413931676536e-07,0.08559782608695653,0.08559782608695653
P19,T10,2,4,0,-22.625,-21.5,-22.625,-21.5,1.493094675675266e-10,4.5990553032559944e-10,5.0,3.0,2.297663925787674e-08,1.6443406991584197e-07,0.049723756906077346,0.049723756906077346
P19,T10,2,5,0,-22.875,-10.875,-22.875,-10.875,1.1628233098637253e-10,1.8924105461337604e-05,6.0,3.0,6.42116049220931e-08,0.0008850462618283927,0.5245901639344263,0.5245901639344263
P19,T10,2,6,0,-21.90625,3.125,-21.90625,-3.125,3.063631293098723e-10,0.041697289794683456,3.0,2.0,5.463182333187433e-07,0.2400340735912323,1.1426533523537803,0.8573466476462197
P19,T10,2,7,0,-22.5625,-9.0,-22.5625,-9.0,1.5893909799391537e-10,0.0001232885115314275,5.0,3.0,9.547470369852817e-08,0.0087980842217803,0.6011080332409973,0.6011080332409973
P19,T10,3,0,0,-23.375,-1.75,-23.375,-1.75,7.052879807956103e-11,0.14798203110694885,5.0,2.0,2.7850875383705898e-08,0.42371973395347595,0.9251336898395722,0.9251336898395722
P19,T10,3,1,1,-21.59375,15.375,-21.59375,11.875,4.1874875789105204e-10,0.9999908208847046,4.0,1.0,8.87500917201578e-08,0.00012443629384506494,1.7120115774240232,1.5499276410998553
P19,T10,3,2,0,-21.65625,-6.0,-21.65625,-6.0,3.933780523546204e-10,0.0024637850001454353,4.0,2.0,7.154770997885862e-08,0.045433543622493744,0.7229437229437229,0.7229437229437229
P19,T10,3,3,0,-22.5625,-0.375,-22.5625,-10.5,1.5893909799391537e-10,2.7516563932294957e-05,3.0,6.0,6.82871501567206e-08,0.006867585703730583,0.9833795013850416,0.5346260387811634
P19,T10,3,4,0,-21.15625,-18.1875,-21.15625,-18.1875,6.485707526593387e-10,1.2626094836321045e-08,5.0,4.0,1.3719156299885071e-07,2.1170701529626967e-06,0.14032496307237813,0.14032496307237813
P19,T10,3,5,1,-21.625,12.8125,-21.625,9.625,4.05865202557365e-10,0.9998985528945923,3.0,1.0,3.463061304387338e-08,0.0011655144626274705,1.592485549132948,1.4450867052023122
P19,T10,3,6,0,-23.46875,-21.59375,-23.46875,-21.59375,6.421720100124872e-11,4.1874875789105204e-10,5.0,5.0,2.641680829640336e-08,1.6105195754789747e-07,0.07989347536617843,0.07989347536617843
P19,T10,3,7,0,-21.1875,-12.6875,-21.1875,-12.6875,6.286163256596922e-10,3.0891146707290318e-06,4.0,5.0,1.1526464049893548e-07,0.001370026497170329,0.40117994100294985,0.40117994100294985
P19,T10,4,0,0,-21.09375,-21.28125,-21.09375,-21.28125,6.90399959424326e-10,5.723617135799941e-10,3.0,3.0,1.4888101418364386e-07,5.1702595982305866e-08,-0.008888888888888889,-0.008888888888888889
P19,T10,4,1,0,-22.28125,-9.625,-22.28125,-9.625,2.1056009713582569e-10,6.602625944651663e-05,3.0,3.0,3.339496501553185e-08,0.004411682486534119,0.5680224403927069,0.5680224403927069
P19,T10,4,2,0,-21.65625,4.875,-21.65625,4.875,3.933780523546204e-10,0.9914492964744568,5.0,1.0,8.759657532664278e-08,0.05351348966360092,1.225108225108225,1.225108225108225
P19,T10,4,3,0,-22.75,0.0,-22.75,-1.125,1.3176514046531196e-10,0.12480273842811584,5.0,3.0,7.428513981722062e-08,1.3905643224716187,1.0,0.9505494505494505
P19,T10,4,4,0,-23.734375,-10.625,-23.734375,-10.625,4.923703805781443e-11,2.4294824470416643e-05,5.0,4.0,2.4508874929551894e-08,0.002655228367075324,0.5523370638578012,0.5523370638578012
P19,T10,4,5,1,-19.3125,18.875,-19.3125,14.4375,4.099093509069007e-09,0.9999994039535522,3.0,1.0,3.0220994062801765e-07,9.93532648863038e-06,1.977346278317152,1.7475728155339805
P19,T10,4,6,1,-21.8125,10.375,-21.8125,10.375,3.364740708278191e-10,0.9999256134033203,2.0,1.0,2.3439863383600823e-08,0.0008932626224122941,1.475644699140401,1.475644699140401
P19,T10,4,7,0,-23.75,-20.875,-23.75,-20.875,4.8473686869998645e-11,8.592166422793923e-10,5.0,4.0,2.0141612822044408e-08,8.561828934716686e-08,0.12105263157894737,0.12105263157894737
P19,T10,5,0,0,-22.40625,-3.0,-22.40625,-3.0,1.85818638254176e-10,0.046859342604875565,4.0,2.0,3.268266013378707e-08,0.2710482180118561,0.8661087866108786,0.8661087866108786
P19,T10,5,1,0,-20.375,-14.75,-20.375,-14.75,1.4166088302403068e-09,3.9278521057894977e-07,4.0,5.0,1.869850478897206e-07,4.529637226369232e-05,0.27607361963190186,0.27607361963190186
P19,T10,5,2,1,-21.0625,9.5,-21.0625,5.875,7.123156509081241e-10,0.9967024922370911,3.0,1.0,6.524884810232834e-08,0.024437429383397102,1.4510385756676558,1.2789317507418398
P19,T10,5,3,1,-21.53125,3.75,-21.53125,3.75,4.457557378767518e-10,0.976131796836853,4.0,1.0,8.190431088905825e-08,0.11746609210968018,1.1741654571843252,1.1741654571843252
P19,T10,5,4,1,-23.65625,17.9375,-23.65625,15.875,5.323793142442135e-11,0.9999998807907104,7.0,1.0,9.017195878868733e-08,3.1218196454574354e-06,1.7582562747688244,1.6710700132100396
P19,T10,5,5,0,-20.8125,-17.25,-20.8125,-17.25,9.146313706409614e-10,3.224186428951725e-08,3.0,4.0,5.169740546762114e-08,3.8393877730413806e-06,0.17117117117117117,0.17117117117117117
P19,T10,5,6,0,-22.5625,-17.375,-22.5625,-17.375,1.5893909799391537e-10,2.8453344569356886e-08,4.0,5.0,3.899164369158825e-08,2.6861509923037374e-06,0.2299168975069252,0.2299168975069252
P19,T10,5,7,0,-16.875,-11.125,-16.875,-11.125,4.691155552905002e-08,1.4732904674019665e-05,4.0,6.0,2.6354913643444888e-05,0.004242011811584234,0.34074074074074073,0.34074074074074073
P19,T10,6,0,0,-21.46875,-18.1875,-21.46875,-18.1875,4.745044912546348e-10,1.2626094836321045e-08,4.0,4.0,1.2849895369981823e-07,2.3039651750877965e-06,0.15283842794759825,0.15283842794759825
P19,T10,6,1,0,-22.375,-12.125,-22.375,-12.125,1.917171560394948e-10,5.422088634077227e-06,5.0,3.0,4.685838916884677e-08,0.0003873395035043359,0.4581005586592179,0.4581005586592179
